Product code;Pair type;Thumbnail;Detailed image
"9324491";"";"";""
"9324501";"";"";""
"9316217";"";"";""
"9316235";"";"";""
"9316244";"";"";""
"9316253";"";"";""
"9324481";"";"";""
"9324371";"";"";""
"9324381";"";"";""
"9324391";"";"";""
"9324520";"";"";""
"9324411";"";"";""
"9324422";"";"";""
"9324432";"";"";""
"9324442";"";"";""
"9324451";"";"";""
"9324461";"";"";""
"9324471";"";"";""
"proba201";"";"";""
"proba200";"";"";""
"proba198";"";"";""
"proba37";"";"";""
"proba38";"";"";""
"proba39";"";"";""
"proba40";"";"";""
"proba41";"";"";""
"proba42";"";"";""
"proba43";"";"";""
"proba44";"";"";""
"proba45";"";"";""
"proba46";"";"";""
"proba47";"";"";""
"proba48";"";"";""
"proba49";"";"";""
"proba50";"";"";""
"proba51";"";"";""
"proba52";"";"";""
"proba53";"";"";""
"proba54";"";"";""
"proba55";"";"";""
"proba56";"";"";""
"proba57";"";"";""
"proba58";"";"";""
"proba59";"";"";""
"proba60";"";"";""
"proba61";"";"";""
"proba62";"";"";""
"proba63";"";"";""
"proba64";"";"";""
"proba65";"";"";""
"proba66";"";"";""
"proba67";"";"";""
"proba68";"";"";""
"proba69";"";"";""
"proba70";"";"";""
"proba71";"";"";""
"proba72";"";"";""
"proba73";"";"";""
"proba74";"";"";""
"proba75";"";"";""
"proba76";"";"";""
"proba77";"";"";""
"proba78";"";"";""
"proba79";"";"";""
"proba80";"";"";""
"proba81";"";"";""
"proba82";"";"";""
"proba83";"";"";""
"proba84";"";"";""
"proba85";"";"";""
"proba86";"";"";""
"proba87";"";"";""
"proba88";"";"";""
"proba89";"";"";""
"proba90";"";"";""
"proba91";"";"";""
"proba92";"";"";""
"proba93";"";"";""
"proba94";"";"";""
"proba95";"";"";""
"proba96";"";"";""
"proba97";"";"";""
"proba98";"";"";""
"proba99";"";"";""
"proba100";"";"";""
"proba101";"";"";""
"proba102";"";"";""
"proba103";"";"";""
"proba104";"";"";""
"proba105";"";"";""
"proba106";"";"";""
"proba107";"";"";""
"proba108";"";"";""
"proba109";"";"";""
"proba110";"";"";""
"proba111";"";"";""
"proba112";"";"";""
"proba113";"";"";""
"proba114";"";"";""
"proba115";"";"";""
"proba116";"";"";""
"proba117";"";"";""
"proba118";"";"";""
"proba119";"";"";""
"proba120";"";"";""
"proba121";"";"";""
"proba122";"";"";""
"proba123";"";"";""
"proba124";"";"";""
"proba125";"";"";""
"proba126";"";"";""
"proba127";"";"";""
"proba128";"";"";""
"proba129";"";"";""
"proba130";"";"";""
"proba131";"";"";""
"proba132";"";"";""
"proba133";"";"";""
"proba134";"";"";""
"proba135";"";"";""
"proba136";"";"";""
"proba137";"";"";""
"proba138";"";"";""
"proba139";"";"";""
"proba140";"";"";""
"proba141";"";"";""
"proba142";"";"";""
"proba143";"";"";""
"proba144";"";"";""
"proba145";"";"";""
"proba146";"";"";""
"proba147";"";"";""
"proba148";"";"";""
"proba149";"";"";""
"proba150";"";"";""
"proba151";"";"";""
"proba152";"";"";""
"proba153";"";"";""
"proba154";"";"";""
"proba155";"";"";""
"proba156";"";"";""
"proba157";"";"";""
"proba158";"";"";""
"proba159";"";"";""
"proba160";"";"";""
"proba161";"";"";""
"proba162";"";"";""
"proba163";"";"";""
"proba164";"";"";""
"proba165";"";"";""
"proba166";"";"";""
"proba167";"";"";""
"proba168";"";"";""
"proba169";"";"";""
"proba170";"";"";""
"proba171";"";"";""
"proba172";"";"";""
"proba173";"";"";""
"proba174";"";"";""
"proba175";"";"";""
"proba176";"";"";""
"proba177";"";"";""
"proba178";"";"";""
"proba179";"";"";""
"proba180";"";"";""
"proba181";"";"";""
"proba182";"";"";""
"proba183";"";"";""
"proba184";"";"";""
"proba185";"";"";""
"proba186";"";"";""
"proba187";"";"";""
"proba188";"";"";""
"proba189";"";"";""
"proba190";"";"";""
"proba191";"";"";""
"proba192";"";"";""
"proba193";"";"";""
"proba194";"";"";""
"proba195";"";"";""
"proba196";"";"";""
"proba268";"";"";""
"proba269";"";"";""
"proba270";"";"";""
"proba271";"";"";""
"proba272";"";"";""
"proba273";"";"";""
"proba274";"";"";""
"proba275";"";"";""
"proba276";"";"";""
"proba277";"";"";""
"proba278";"";"";""
"proba279";"";"";""
"proba280";"";"";""
"proba281";"";"";""
"proba282";"";"";""
"proba283";"";"";""
"proba284";"";"";""
"proba285";"";"";""
"proba286";"";"";""
"proba287";"";"";""
"proba288";"";"";""
"proba289";"";"";""
"proba290";"";"";""
"proba291";"";"";""
"proba292";"";"";""
"proba293";"";"";""
"9324832";"";"";""
"9324841";"";"";""
"9324851";"";"";""
"9324861";"";"";""
"9324871";"";"";""
"9324881";"";"";""
"9324891";"";"";""
"9324901";"";"";""
"9324671";"";"";""
"9324681";"";"";""
"9324691";"";"";""
"9324701";"";"";""
"9324601";"";"";""
"9324731";"";"";""
"9324741";"";"";""
"proba202";"";"";""
"proba203";"";"";""
"proba204";"";"";""
"proba205";"";"";""
"proba206";"";"";""
"proba207";"";"";""
"proba208";"";"";""
"proba209";"";"";""
"proba210";"";"";""
"proba211";"";"";""
"proba212";"";"";""
"proba213";"";"";""
"proba214";"";"";""
"proba215";"";"";""
"proba216";"";"";""
"proba217";"";"";""
"proba218";"";"";""
"proba219";"";"";""
"proba220";"";"";""
"proba221";"";"";""
"proba222";"";"";""
"proba223";"";"";""
"proba224";"";"";""
"proba225";"";"";""
"proba226";"";"";""
"proba227";"";"";""
"proba228";"";"";""
"proba229";"";"";""
"proba230";"";"";""
"proba231";"";"";""
"proba232";"";"";""
"proba233";"";"";""
"proba234";"";"";""
"proba235";"";"";""
"proba236";"";"";""
"proba237";"";"";""
"proba238";"";"";""
"proba239";"";"";""
"proba240";"";"";""
"proba241";"";"";""
"proba242";"";"";""
"proba243";"";"";""
"proba244";"";"";""
"proba245";"";"";""
"proba246";"";"";""
"proba247";"";"";""
"proba248";"";"";""
"proba249";"";"";""
"proba250";"";"";""
"proba251";"";"";""
"proba252";"";"";""
"proba253";"";"";""
"proba254";"";"";""
"proba255";"";"";""
"proba256";"";"";""
"proba257";"";"";""
"proba258";"";"";""
"proba259";"";"";""
"proba260";"";"";""
"proba261";"";"";""
"proba262";"";"";""
"proba263";"";"";""
"proba264";"";"";""
"proba265";"";"";""
"proba266";"";"";""
"proba267";"";"";""
"proba1";"";"";""
"proba2";"";"";""
"proba3";"";"";""
"proba4";"";"";""
"proba5";"";"";""
"proba6";"";"";""
"proba7";"";"";""
"proba8";"";"";""
"proba9";"";"";""
"proba10";"";"";""
"proba11";"";"";""
"proba12";"";"";""
"proba13";"";"";""
"proba14";"";"";""
"proba15";"";"";""
"proba16";"";"";""
"proba17";"";"";""
"proba18";"";"";""
"proba19";"";"";""
"proba20";"";"";""
"proba21";"";"";""
"proba22";"";"";""
"proba23";"";"";""
"proba24";"";"";""
"proba25";"";"";""
"proba26";"";"";""
"proba27";"";"";""
"proba28";"";"";""
"proba29";"";"";""
"proba30";"";"";""
"proba31";"";"";""
"proba32";"";"";""
"proba33";"";"";""
"proba34";"";"";""
"proba35";"";"";""
"proba36";"";"";""
"proba199";"";"";""
"proba197";"";"";""
"9316262";"";"";""
"3101335";"";"";""
"3101344";"";"";""
"3030402";"";"";""
"3030411";"";"";""
"3030429";"";"";""
"3030438";"";"";""
"3030447";"";"";""
"3031401";"";"";""
"3031419";"";"";""
"3031428";"";"";""
"3031437";"";"";""
"3031446";"";"";""
"3031614";"";"";""
"3031623";"";"";""
"3031632";"";"";""
"3031641";"";"";""
"9325411";"";"";""
"9325420";"";"";""
"9325439";"";"";""
"9325448";"";"";""
"9325457";"";"";""
"9325466";"";"";""
"4271104";"";"";""
"4271114";"";"";""
"4271124";"";"";""
"4271134";"";"";""
"4271144";"";"";""
"4271154";"";"";""
"4271464";"";"";""
"4271474";"";"";""
"4271484";"";"";""
"4272112";"";"";""
"4272134";"";"";""
"4272144";"";"";""
"4272611";"";"";""
"4272534";"";"";""
"4272544";"";"";""
"9005301";"";"";""
"9005311";"";"";""
"9005329";"";"";""
"9005007";"";"";""
"9005014";"";"";""
"9005025";"";"";""
"9005503";"";"";""
"9005512";"";"";""
"9005521";"";"";""
"9005204";"";"";""
"9005213";"";"";""
"9005222";"";"";""
"9005702";"";"";""
"9005711";"";"";""
"9005721";"";"";""
"9005757";"";"";""
"9005766";"";"";""
"9005775";"";"";""
"9005803";"";"";""
"9005811";"";"";""
"9005829";"";"";""
"9005856";"";"";""
"9005865";"";"";""
"9005874";"";"";""
"5406814";"";"";""
"5406823";"";"";""
"5406834";"";"";""
"5406844";"";"";""
"5406854";"";"";""
"5406864";"";"";""
"9006011";"";"";""
"9006062";"";"";""
"9006021";"";"";""
"9006031";"";"";""
"9006041";"";"";""
"9006051";"";"";""
"6857900";"";"";""
"6857910";"";"";""
"6857920";"";"";""
"6857930";"";"";""
"5000592";"";"";""
"5000602";"";"";""
"9316939";"";"";""
"9316948";"";"";""
"9316957";"";"";""
"9316966";"";"";""
"9316984";"";"";""
"9318143";"";"";""
"9318152";"";"";""
"9318161";"";"";""
"9318081";"";"";""
"9318107";"";"";""
"9318125";"";"";""
"9317957";"";"";""
"9311533";"";"";""
"9311542";"";"";""
"9311552";"";"";""
"9311560";"";"";""
"9311570";"";"";""
"9311589";"";"";""
"9311801";"";"";""
"9311811";"";"";""
"9311821";"";"";""
"9311831";"";"";""
"9311851";"";"";""
"9311861";"";"";""
"9311871";"";"";""
"9311881";"";"";""
"9311104";"";"";""
"9311113";"";"";""
"9311122";"";"";""
"9311131";"";"";""
"9311142";"";"";""
"9311150";"";"";""
"9311169";"";"";""
"9311178";"";"";""
"9312902";"";"";""
"9312911";"";"";""
"9312929";"";"";""
"9312938";"";"";""
"9312947";"";"";""
"9312956";"";"";""
"9312836";"";"";""
"9312845";"";"";""
"9312854";"";"";""
"9313211";"";"";""
"9313221";"";"";""
"9313231";"";"";""
"9313241";"";"";""
"6042107";"";"";""
"9316539";"";"";""
"9316548";"";"";""
"9316557";"";"";""
"9316566";"";"";""
"9316637";"";"";""
"9316646";"";"";""
"9316655";"";"";""
"9316664";"";"";""
"9315744";"";"";""
"9315735";"";"";""
"9315753";"";"";""
"9325315";"";"";""
"9325325";"";"";""
"9325335";"";"";""
"9325345";"";"";""
"9325355";"";"";""
"3323346";"";"";""
"3323355";"";"";""
"3323364";"";"";""
"3323373";"";"";""
"3323382";"";"";""
"3359351";"";"";""
"3359360";"";"";""
"3359379";"";"";""
"3359388";"";"";""
"3353605";"";"";""
"3327390";"";"";""
"3327400";"";"";""
"3327410";"";"";""
"3327420";"";"";""
"3327430";"";"";""
"3327440";"";"";""
"3327450";"";"";""
"3327000";"";"";""
"3327100";"";"";""
"3327110";"";"";""
"3327120";"";"";""
"3327130";"";"";""
"3327140";"";"";""
"3327150";"";"";""
"3390001";"";"";""
"3390011";"";"";""
"3390021";"";"";""
"3390031";"";"";""
"3390041";"";"";""
"3390582";"";"";""
"3390592";"";"";""
"3390602";"";"";""
"3390831";"";"";""
"3390841";"";"";""
"3390851";"";"";""
"3390861";"";"";""
"3390871";"";"";""
"3390881";"";"";""
"3390891";"";"";""
"3390901";"";"";""
"3390911";"";"";""
"3390921";"";"";""
"3390931";"";"";""
"3390941";"";"";""
"9320431";"";"";""
"9320451";"";"";""
"9320471";"";"";""
"9320481";"";"";""
"9320491";"";"";""
"9320501";"";"";""
"9320511";"";"";""
"9402657";"";"";""
"9402666";"";"";""
"9402675";"";"";""
"proba294";"";"";""
"proba295";"";"";""
"proba296";"";"";""
"proba297";"";"";""
"proba298";"";"";""
"proba299";"";"";""
"proba300";"";"";""
"proba301";"";"";""
"proba302";"";"";""
"proba303";"";"";""
"proba304";"";"";""
"proba305";"";"";""
"proba306";"";"";""
"proba307";"";"";""
"proba308";"";"";""
"proba309";"";"";""
"proba310";"";"";""
"proba311";"";"";""
"proba312";"";"";""
"proba313";"";"";""
"proba314";"";"";""
"proba315";"";"";""
"proba316";"";"";""
"proba317";"";"";""
"proba318";"";"";""
"proba319";"";"";""
"proba320";"";"";""
"proba321";"";"";""
"proba322";"";"";""
"proba323";"";"";""
"proba324";"";"";""
"proba325";"";"";""
"proba326";"";"";""
"proba327";"";"";""
"proba328";"";"";""
"proba329";"";"";""
"proba330";"";"";""
"proba331";"";"";""
"proba332";"";"";""
"proba333";"";"";""
"proba334";"";"";""
"proba335";"";"";""
"proba336";"";"";""
"proba337";"";"";""
"proba338";"";"";""
"proba339";"";"";""
"proba340";"";"";""
"proba341";"";"";""
"proba342";"";"";""
"proba343";"";"";""
"proba344";"";"";""
"proba345";"";"";""
"proba346";"";"";""
"proba347";"";"";""
"proba348";"";"";""
"proba349";"";"";""
"proba350";"";"";""
"proba351";"";"";""
"proba352";"";"";""
"proba353";"";"";""
"proba354";"";"";""
"proba355";"";"";""
"proba356";"";"";""
"proba357";"";"";""
"proba358";"";"";""
"proba359";"";"";""
"proba360";"";"";""
"proba361";"";"";""
"proba362";"";"";""
"proba363";"";"";""
"proba364";"";"";""
"proba365";"";"";""
"proba366";"";"";""
"proba367";"";"";""
"proba368";"";"";""
"proba369";"";"";""
"proba370";"";"";""
"proba371";"";"";""
"proba372";"";"";""
"proba373";"";"";""
"proba374";"";"";""
"proba375";"";"";""
"proba376";"";"";""
"proba377";"";"";""
"proba378";"";"";""
"proba379";"";"";""
"proba380";"";"";""
"proba381";"";"";""
"proba382";"";"";""
"proba383";"";"";""
"proba384";"";"";""
"proba385";"";"";""
"proba386";"";"";""
"proba387";"";"";""
"proba388";"";"";""
"proba389";"";"";""
"proba390";"";"";""
"proba391";"";"";""
"proba392";"";"";""
"proba393";"";"";""
"proba394";"";"";""
"proba395";"";"";""
"proba396";"";"";""
"proba397";"";"";""
"proba398";"";"";""
"proba399";"";"";""
"proba400";"";"";""
"proba401";"";"";""
"proba402";"";"";""
"proba403";"";"";""
"proba404";"";"";""
"proba405";"";"";""
"proba406";"";"";""
"proba407";"";"";""
"proba408";"";"";""
"proba409";"";"";""
"proba410";"";"";""
"proba411";"";"";""
"proba412";"";"";""
"proba413";"";"";""
"proba414";"";"";""
"proba415";"";"";""
"proba416";"";"";""
"proba417";"";"";""
"proba418";"";"";""
"proba419";"";"";""
"proba420";"";"";""
"proba421";"";"";""
"proba422";"";"";""
"proba423";"";"";""
"proba424";"";"";""
"proba425";"";"";""
"proba426";"";"";""
"2320014";"";"";""
"2320024";"";"";""
"2320034";"";"";""
"2320044";"";"";""
"2320064";"";"";""
"2320074";"";"";""
"2320084";"";"";""
"2320094";"";"";""
"2320114";"";"";""
"2320124";"";"";""
"2320134";"";"";""
"2320144";"";"";""
"2320164";"";"";""
"2320174";"";"";""
"2320184";"";"";""
"2320194";"";"";""
"4017355";"";"";""
"4078213";"";"";""
"4078233";"";"";""
"4078253";"";"";""
"4078353";"";"";""
"4188002";"";"";""
"4188022";"";"";""
"4188042";"";"";""
"4168002";"";"";""
"4168022";"";"";""
"4168042";"";"";""
"4188051";"";"";""
"9010060";"";"";""
"9010070";"";"";""
"9010001";"";"";""
"9010010";"";"";""
"9010021";"";"";""
"9010031";"";"";""
"9010041";"";"";""
"9010051";"";"";""
"9010101";"";"";""
"9010110";"";"";""
"9010121";"";"";""
"9010131";"";"";""
"9010141";"";"";""
"9010151";"";"";""
"9008911";"";"";""
"9008935";"";"";""
"9008991";"";"";""
"9008951";"";"";""
"9010080";"";"";""
"9010090";"";"";""
"9010190";"";"";""
"9010200";"";"";""
"9010210";"";"";""
"9010250";"";"";""
"9010220";"";"";""
"9010230";"";"";""
"9010240";"";"";""
"9999791";"";"";""
"4812741";"";"";""
"4812849";"";"";""
"4814142";"";"";""
"4814099";"";"";""
"4814000";"";"";""
"4812929";"";"";""
"4812938";"";"";""
"4812947";"";"";""
"4812992";"";"";""
"4001314";"";"";""
"4812953";"";"";""
"4002607";"";"";""
"4561129";"";"";""
"4561138";"";"";""
"1432530";"";"";""
"1432130";"";"";""
"9968573";"";"";""
"2320014";"";"";""
"2320024";"";"";""
"2320034";"";"";""
"2320044";"";"";""
"2320064";"";"";""
"2320074";"";"";""
"2320084";"";"";""
"2320094";"";"";""
"2320114";"";"";""
"2320124";"";"";""
"2320134";"";"";""
"2320144";"";"";""
"2320164";"";"";""
"2320174";"";"";""
"2320184";"";"";""
"2320194";"";"";""
"4017355";"";"";""
"4078213";"";"";""
"4078233";"";"";""
"4078253";"";"";""
"4078353";"";"";""
"4188002";"";"";""
"4188022";"";"";""
"4188042";"";"";""
"4168002";"";"";""
"4168022";"";"";""
"4168042";"";"";""
"4188051";"";"";""
"9010060";"";"";""
"9010070";"";"";""
"9010001";"";"";""
"9010010";"";"";""
"9010021";"";"";""
"9010031";"";"";""
"9010041";"";"";""
"9010051";"";"";""
"9010101";"";"";""
"9010110";"";"";""
"9010121";"";"";""
"9010131";"";"";""
"9010141";"";"";""
"9010151";"";"";""
"9008911";"";"";""
"9008935";"";"";""
"9008991";"";"";""
"9008951";"";"";""
"9010080";"";"";""
"9010090";"";"";""
"9010190";"";"";""
"9010200";"";"";""
"9010210";"";"";""
"9010250";"";"";""
"9010220";"";"";""
"9010230";"";"";""
"9010240";"";"";""
"9999791";"";"";""
"4812741";"";"";""
"4812849";"";"";""
"4814142";"";"";""
"4814099";"";"";""
"4814000";"";"";""
"4812929";"";"";""
"4812938";"";"";""
"4812947";"";"";""
"4812992";"";"";""
"4001314";"";"";""
"4812953";"";"";""
"4002607";"";"";""
"4561129";"";"";""
"4561138";"";"";""
"1432530";"";"";""
"1432130";"";"";""
"9968573";"";"";""
"9425901";"";"";""
"9425911";"";"";""
"9425921";"";"";""
"9425931";"";"";""
"9425941";"";"";""
"9425951";"";"";""
"9425961";"";"";""
"9426453";"";"";""
"9426463";"";"";""
"9426473";"";"";""
"9426483";"";"";""
"9426493";"";"";""
"9426503";"";"";""
"9426513";"";"";""
"9426911";"";"";""
"9426921";"";"";""
"9426931";"";"";""
"9426941";"";"";""
"9426951";"";"";""
"9426961";"";"";""
"9426971";"";"";""
"9427110";"";"";""
"9427120";"";"";""
"9427130";"";"";""
"9427140";"";"";""
"9427150";"";"";""
"9427160";"";"";""
"9427412";"";"";""
"9427422";"";"";""
"9427432";"";"";""
"9427442";"";"";""
"9427452";"";"";""
"9427462";"";"";""
"9427472";"";"";""
"9425712";"";"";""
"9425722";"";"";""
"9425732";"";"";""
"9425742";"";"";""
"9425752";"";"";""
"9425762";"";"";""
"9425451";"";"";""
"9425461";"";"";""
"9425471";"";"";""
"9425481";"";"";""
"9425491";"";"";""
"9425501";"";"";""
"9427181";"";"";""
"9427191";"";"";""
"9427201";"";"";""
"9427211";"";"";""
"9427221";"";"";""
"9427231";"";"";""
"9427241";"";"";""
"9428801";"";"";""
"9428811";"";"";""
"9428821";"";"";""
"9428831";"";"";""
"9428841";"";"";""
"9421595";"";"";""
"9421605";"";"";""
"9421615";"";"";""
"9421625";"";"";""
"9421635";"";"";""
"9421708";"";"";""
"9421718";"";"";""
"9421728";"";"";""
"9995222";"";"";""
"9995213";"";"";""
"9921310";"";"";""
"9921329";"";"";""
"9921356";"";"";""
"9421892";"";"";""
"9421902";"";"";""
"9421912";"";"";""
"9421922";"";"";""
"9421932";"";"";""
"9421953";"";"";""
"9421963";"";"";""
"9421973";"";"";""
"9421983";"";"";""
"9421993";"";"";""
"9422001";"";"";""
"9422011";"";"";""
"9422021";"";"";""
"9422031";"";"";""
"9422041";"";"";""
"9421641";"";"";""
"9421651";"";"";""
"9421661";"";"";""
"9421671";"";"";""
"9421681";"";"";""
"9427261";"";"";""
"9427281";"";"";""
"9427291";"";"";""
"9427704";"";"";""
"9427714";"";"";""
"9427724";"";"";""
"9422161";"";"";""
"9422171";"";"";""
"9422181";"";"";""
"9422111";"";"";""
"9422121";"";"";""
"9422131";"";"";""
"9422051";"";"";""
"9422061";"";"";""
"9422071";"";"";""
"9422081";"";"";""
"9422091";"";"";""
"9921663";"";"";""
"9921722";"";"";""
"9921732";"";"";""
"9921820";"";"";""
"9921831";"";"";""
"9921843";"";"";""
"9921921";"";"";""
"9921931";"";"";""
"9921940";"";"";""
"9921445";"";"";""
"9921455";"";"";""
"9921465";"";"";""
"9921475";"";"";""
"9921555";"";"";""
"9921565";"";"";""
"9921575";"";"";""
"9925164";"";"";""
"9925174";"";"";""
"9925194";"";"";""
"9925204";"";"";""
"9925224";"";"";""
"6047052";"";"";""
"9921381";"";"";""
"9921421";"";"";""
"9921431";"";"";""
"9925301";"";"";""
"9925371";"";"";""
"9925281";"";"";""
"9925941";"";"";""
"9925311";"";"";""
"9925321";"";"";""
"9925331";"";"";""
"9925242";"";"";""
"9924601";"";"";""
"9924611";"";"";""
"9924621";"";"";""
"9924631";"";"";""
"9924641";"";"";""
"9924651";"";"";""
"9924661";"";"";""
"9924671";"";"";""
"9924681";"";"";""
"9924691";"";"";""
"9924771";"";"";""
"9924711";"";"";""
"2571352";"";"";""
"2571506";"";"";""
"2571592";"";"";""
"2571606";"";"";""
"2571623";"";"";""
"2571653";"";"";""
"2571662";"";"";""
"2571151";"";"";""
"2571202";"";"";""
"2571213";"";"";""
"2571552";"";"";""
"2571562";"";"";""
"2573183";"";"";""
"2571258";"";"";""
"2571263";"";"";""
"2571339";"";"";""
"2571283";"";"";""
"2571809";"";"";""
"2571323";"";"";""
"2571402";"";"";""
"2571413";"";"";""
"2571427";"";"";""
"2571455";"";"";""
"2571464";"";"";""
"2571703";"";"";""
"2571758";"";"";""
"2571936";"";"";""
"2571294";"";"";""
"2572102";"";"";""
"2572338";"";"";""
"9387231";"";"";""
"2776023";"";"";""
"9387062";"";"";""
"9387001";"";"";""
"9387051";"";"";""
"9387111";"";"";""
"9387201";"";"";""
"9387212";"";"";""
"9387251";"";"";""
"9387261";"";"";""
"9387271";"";"";""
"9387281";"";"";""
"9387291";"";"";""
"9389031";"";"";""
"9389041";"";"";""
"9389121";"";"";""
"9389131";"";"";""
"9387011";"";"";""
"9387021";"";"";""
"9387041";"";"";""
"9387071";"";"";""
"9387081";"";"";""
"9387091";"";"";""
"9387101";"";"";""
"9387131";"";"";""
"9387141";"";"";""
"9387151";"";"";""
"9387161";"";"";""
"9387171";"";"";""
"9387181";"";"";""
"9387191";"";"";""
"9389021";"";"";""
"9389051";"";"";""
"9389061";"";"";""
"2523088";"";"";""
"2533481";"";"";""
"2543323";"";"";""
"2543403";"";"";""
"2544323";"";"";""
"2544402";"";"";""
"2545323";"";"";""
"2562245";"";"";""
"2563356";"";"";""
"2502207";"";"";""
"2502243";"";"";""
"2580951";"";"";""
"2580961";"";"";""
"2582254";"";"";""
"2582663";"";"";""
"2582806";"";"";""
"2583004";"";"";""
"2583226";"";"";""
"2583235";"";"";""
"2583307";"";"";""
"2583481";"";"";""
"2589812";"";"";""
"2512204";"";"";""
"2512231";"";"";""
"2512259";"";"";""
"2513026";"";"";""
"2513052";"";"";""
"2513123";"";"";""
"2522231";"";"";""
"2522252";"";"";""
"2523025";"";"";""
"2523105";"";"";""
"2523123";"";"";""
"2523506";"";"";""
"2533076";"";"";""
"2533129";"";"";""
"2543075";"";"";""
"2542217";"";"";""
"2775001";"";"";""
"2775021";"";"";""
"2775061";"";"";""
"2775481";"";"";""
"2775031";"";"";""
"2775111";"";"";""
"2775432";"";"";""
"2775101";"";"";""
"2695832";"";"";""
"2581281";"";"";""
"4019253";"";"";""
"4019360";"";"";""
"4019379";"";"";""
"4019413";"";"";""
"4019431";"";"";""
"4019459";"";"";""
"4521330";"";"";""
"4521350";"";"";""
"4521371";"";"";""
"4521430";"";"";""
"4521650";"";"";""
"4522330";"";"";""
"4522350";"";"";""
"4522430";"";"";""
"4522450";"";"";""
"4532416";"";"";""
"4532436";"";"";""
"4532486";"";"";""
"4532636";"";"";""
"4535416";"";"";""
"4535436";"";"";""
"4542666";"";"";""
"4545436";"";"";""
"4700206";"";"";""
"7605416";"";"";""
"7605434";"";"";""
"7605631";"";"";""
"7615662";"";"";""
"4004933";"";"";""
"4511030";"";"";""
"4511040";"";"";""
"4511050";"";"";""
"4511060";"";"";""
"4511090";"";"";""
"4512040";"";"";""
"4512060";"";"";""
"4512090";"";"";""
"4822923";"";"";""
"4822934";"";"";""
"4822943";"";"";""
"4822953";"";"";""
"4822993";"";"";""
"4501000";"";"";""
"4501010";"";"";""
"4501030";"";"";""
"4502000";"";"";""
"4502010";"";"";""
"4502030";"";"";""
"4892903";"";"";""
"4892912";"";"";""
"4892933";"";"";""
"1692481";"";"";""
"1694481";"";"";""
"1696481";"";"";""
"1698481";"";"";""
"1699481";"";"";""
"1694501";"";"";""
"1696501";"";"";""
"1698501";"";"";""
"1699501";"";"";""
"1694981";"";"";""
"1690981";"";"";""
"1691981";"";"";""
"1696981";"";"";""
"1692981";"";"";""
"1693981";"";"";""
"1692731";"";"";""
"1693731";"";"";""
"1692751";"";"";""
"1693751";"";"";""
"9158320";"";"";""
"9158330";"";"";""
"9158340";"";"";""
"9158720";"";"";""
"9158730";"";"";""
"9158740";"";"";""
"9156200";"";"";""
"9156210";"";"";""
"9156220";"";"";""
"9156240";"";"";""
"9156250";"";"";""
"1680191";"";"";""
"1682191";"";"";""
"1683191";"";"";""
"1687191";"";"";""
"1689191";"";"";""
"168 661 3";"";"";""
"168 662 3";"";"";""
"168 530 0";"";"";""
"168 540 0";"";"";""
"168 398 0";"";"";""
"168 570 0";"";"";""
"1681310";"";"";""
"168 132 9";"";"";""
"168 624 9";"";"";""
"168 634 0";"";"";""
"168 644 0";"";"";""
"168 399 0";"";"";""
"168 654 0";"";"";""
"168 432 9";"";"";""
"168 430 9";"";"";""
"168 431 9";"";"";""
"168 600 7";"";"";""
"168 705 7";"";"";""
"168 502 7";"";"";""
"168 136 9";"";"";""
"168 137 9";"";"";""
"9477830";"";"";""
"9477840";"";"";""
"9477850";"";"";""
"9477125";"";"";""
"9477135";"";"";""
"9477145";"";"";""
"9477302";"";"";""
"8094000";"";"";""
"8094010";"";"";""
"8094020";"";"";""
"9477902";"";"";""
"9477912";"";"";""
"9477922";"";"";""
"9477932";"";"";""
"9477942";"";"";""
"9477952";"";"";""
"9477962";"";"";""
"9477972";"";"";""
"9477982";"";"";""
"9477992";"";"";""
"1598230";"";"";""
"1598200";"";"";""
"1598210";"";"";""
"1598220";"";"";""
"1598240";"";"";""
"1598250";"";"";""
"1599307";"";"";""
"1599367";"";"";""
"1599266";"";"";""
"1599337";"";"";""
"9950381";"";"";""
"9950291";"";"";""
"9950270";"";"";""
"9950400";"";"";""
"9950300";"";"";""
"9950280";"";"";""
"9950350";"";"";""
"9950260";"";"";""
"9950360";"";"";""
"9950370";"";"";""
"9950310";"";"";""
"9950320";"";"";""
"9950410";"";"";""
"9950330";"";"";""
"9950340";"";"";""
"9922450";"";"";""
"9922424";"";"";""
"9922694";"";"";""
"9922430";"";"";""
"9922512";"";"";""
"9968583";"";"";""
"9922340";"";"";""
"9923391";"";"";""
"9923410";"";"";""
"9922532";"";"";""
"9922520";"";"";""
"9922720";"";"";""
"9923400";"";"";""
"9922260";"";"";""
"9922270";"";"";""
"9922280";"";"";""
"9922210";"";"";""
"9922290";"";"";""
"9922380";"";"";""
"9922390";"";"";""
"9922580";"";"";""
"9922590";"";"";""
"9923320";"";"";""
"9923330";"";"";""
"9923350";"";"";""
"9923300";"";"";""
"9923361";"";"";""
"9923371";"";"";""
"716 413 0";"";"";""
"455 255 0";"";"";""
"9689002";"";"";""
"9995811";"";"";""
"9679369";"";"";""
"9679398";"";"";""
"9995861";"";"";""
"9995871";"";"";""
"187 672 5";"";"";""
"918 514 3";"";"";""
"918 515 5";"";"";""
"181 067 0";"";"";""
"918 987 1";"";"";""
"918 988 1";"";"";""
"918 984 1";"";"";""
"918 553 1";"";"";""
"918 554 0";"";"";""
"187 324 6";"";"";""
"187 401 8";"";"";""
"110 232 2";"";"";""
"110 233 2";"";"";""
"722 634 0";"";"";""
"722 635 0";"";"";""
"722 636 0";"";"";""
"722 732 0";"";"";""
"722 731 1";"";"";""
"713 112 5";"";"";""
"713 110 5";"";"";""
"713 109 6";"";"";""
"709 108 2";"";"";""
"709 116 3";"";"";""
"709 208 2";"";"";""
"709 216 4";"";"";""
"709 308 2";"";"";""
"709 316 4";"";"";""
"710 510 5";"";"";""
"535 103 1";"";"";""
"535 123 1";"";"";""
"535 133 1";"";"";""
"535 863 1";"";"";""
"535 843 1";"";"";""
"535 203 1";"";"";""
"535 223 1";"";"";""
"535 823 1";"";"";""
"535 813 1";"";"";""
"535 873 1";"";"";""
"535 303 1";"";"";""
"535 323 1";"";"";""
"535 383 1";"";"";""
"535 403 1";"";"";""
"535 423 1";"";"";""
"535 523 2";"";"";""
"535 603 1";"";"";""
"535 623 1";"";"";""
"535 613 0";"";"";""
"530 296 2";"";"";""
"530 295 2";"";"";""
"536 003 1";"";"";""
"536 013 1";"";"";""
"536 043 3";"";"";""
"536 033 1";"";"";""
"536 023 3";"";"";""
"536 053 1";"";"";""
"536 083 1";"";"";""
"536 057 1";"";"";""
"536 058 1";"";"";""
"597 780 0";"";"";""
"535 243 1";"";"";""
"532 000 4";"";"";""
"532 001 2";"";"";""
"532 002 2";"";"";""
"532 003 1";"";"";""
"609 120 0";"";"";""
"737 406 9";"";"";""
"978 160 5";"";"";""
"978 161 5";"";"";""
"978 162 5";"";"";""
"978 149 1";"";"";""
"978 150 1";"";"";""
"900 115 1";"M";"";"/var/www/medinweb.ru/public/var/files/1/exim/backup/images/TENSOVAL_mobile_4-_Автомат._прибор_для_измерения_давления_на_запястье_.jpg#{[ru]:;}"
"900 196 0";"M";"";"/var/www/medinweb.ru/public/var/files/1/exim/backup/images/comfort_22-32_см_-_Автомат._прибор_для_измерения_давления_на_плече.jpg#{[ru]:;}"
"900 174 2";"M";"";"/var/www/medinweb.ru/public/var/files/1/exim/backup/images/comfort_22-32_см_-_Автомат_9lft-yi._прибор_для_измерения_давления_на_плече.jpg#{[ru]:;}"
"900 199 0";"M";"";"/var/www/medinweb.ru/public/var/files/1/exim/backup/images/comfort_22-32_см_-_Автомат_4muf-2f._прибор_для_измерения_давления_на_плече.jpg#{[ru]:;}"
"900 184 2";"M";"";"/var/www/medinweb.ru/public/var/files/1/exim/backup/images/comfort_22-32_см_-_Автомат_ub59-tm._прибор_для_измерения_давления_на_плече.jpg#{[ru]:;}"
"900 224 0";"M";"";"/var/www/medinweb.ru/public/var/files/1/exim/backup/images/TENSOVAL_duo_control_22-32_см_-_Авт._прибор_для_измерения_давления_на_плече__.jpg#{[ru]:;}"
"900 234 0";"M";"";"/var/www/medinweb.ru/public/var/files/1/exim/backup/images/TENSOVAL_duo_control_32-42_см_-_Авт._прибор_для_измерения_давления_на_плече__.jpg#{[ru]:;}"
"900 178 3";"M";"";"/var/www/medinweb.ru/public/var/files/1/exim/backup/images/TENSOVAL_compact_-_Полуавтоматический_прибор_для_измерения_давления_на_плече__.jpg#{[ru]:;}"
"900 152 1";"M";"";"/var/www/medinweb.ru/public/var/files/1/exim/backup/images/Сетевой_адаптер_для_TENSOVAL_.jpg#{[ru]:;}"
"900 219 1";"M";"";"/var/www/medinweb.ru/public/var/files/1/exim/backup/images/TENSOVAL_-_Компрессионная_манжета_32-42_см_для_TENSOVAL_comfort__3a3o-0b.jpg#{[ru]:;}"
"900 218 1";"M";"";"/var/www/medinweb.ru/public/var/files/1/exim/backup/images/TENSOVAL_-_Компрессионная_манжета_22-32_см_для_TENSOVAL_comfort_1nfp-qh.jpg#{[ru]:;}"
"900 217 1";"M";"";"/var/www/medinweb.ru/public/var/files/1/exim/backup/images/TENSOVAL_-_Компрессионная_манжета_22-32_см_для_TENSOVAL_comfort_w3id-q2.jpg#{[ru]:;}"
"900 241 0 ";"M";"";"/var/www/medinweb.ru/public/var/files/1/exim/backup/images/TENSOVAL_-_Компрессионная_манжета_22-32_см_для_TENSOVAL_comfort_5kb8-2p.jpg#{[ru]:;}"
"900 242 0";"M";"";"/var/www/medinweb.ru/public/var/files/1/exim/backup/images/TENSOVAL_-_Компрессионная_манжета_22-32_см_для_TENSOVAL_comfort_ffb2-4a.jpg#{[ru]:;}"
"900 243 0";"M";"";"/var/www/medinweb.ru/public/var/files/1/exim/backup/images/TENSOVAL_-_Компрессионная_манжета_32-42_см_для_TENSOVAL_comfort__fq6a-b7.jpg#{[ru]:;}"
"900 244 0";"M";"";"/var/www/medinweb.ru/public/var/files/1/exim/backup/images/TENSOVAL_-_Компрессионная_манжета_22-32_см_для_TENSOVAL_comfort_x9qe-bl.jpg#{[ru]:;}"
"900 155 2";"M";"";"/var/www/medinweb.ru/public/var/files/1/exim/backup/images/TENSOVAL_-_Компрессионная_манжета_32-42_см_для_TENSOVAL_comfort_.jpg#{[ru]:;}"
"900 154 2";"M";"";"/var/www/medinweb.ru/public/var/files/1/exim/backup/images/TENSOVAL_-_Компрессионная_манжета_22-32_см_для_TENSOVAL_comfort.jpg#{[ru]:;}"
"900 166 2";"M";"";"/var/www/medinweb.ru/public/var/files/1/exim/backup/images/TENSOVAL_-_Компрессионная_манжета_22-32_см_для_TENSOVAL_comfort_lbd5-6l.jpg#{[ru]:;}"
"900 179 1";"M";"";"/var/www/medinweb.ru/public/var/files/1/exim/backup/images/TENSOVAL_-_Компрессионная_манжета_22-32_см_для_TENSOVAL_comfort_6jq9-zx.jpg#{[ru]:;}"
"900 190 1";"M";"";"/var/www/medinweb.ru/public/var/files/1/exim/backup/images/насосный_блок__для_TENSOVAL_compact.jpg#{[ru]:;}"
"925 027 2";"";"";""
"925 039 1";"";"";""
"809 039 1";"";"";""
"925 054 1";"";"";""
"925 060 1";"";"";""
"925 084 0";"";"";""
"925 037 1";"";"";""
"1872796";"";"";""
"4911916";"";"";""
"9162920";"";"";""
"9185611";"";"";""
"1619607";"";"";""
"Category1";"M";"";"/var/www/medinweb.ru/public/var/files/1/exim/backup/images/Аудиометр_АА-02.jpg#{[ru]:;}"
"Category4";"M";"";"/var/www/medinweb.ru/public/var/files/1/exim/backup/images/Автоклав_Euroklav_23VS_Melag.jpg#{[ru]:;}"
"Category8";"M";"";"/var/www/medinweb.ru/public/var/files/1/exim/backup/images/defigard-5000-full.jpg#{[ru]:;}"
"Category19";"M";"";"/var/www/medinweb.ru/public/var/files/1/exim/backup/images/Облучатель_Аэролайф_Л-100-24М.jpg#{[ru]:;}"
"Category14";"M";"";"/var/www/medinweb.ru/public/var/files/1/exim/backup/images/Калоприёмник_АБУЦЕЛ-К_диаметр_стомы_до_70_мм.jpg#{[ru]:;}"
"Category13";"M";"";"/var/www/medinweb.ru/public/var/files/1/exim/backup/images/Cell_Meter_Professional_Kit.jpg#{[ru]:;}"
"Category21";"M";"";"/var/www/medinweb.ru/public/var/files/1/exim/backup/images/Облучатель_Аэролайф_Л-40-15_60ye-fn.jpg#{[ru]:;}"
"Category33";"M";"";"/var/www/medinweb.ru/public/var/files/1/exim/backup/images/Регистратор_ЭКГ_по_Холтеру_МТ-101:200.jpg#{[ru]:;}"
"Category35";"M";"";"/var/www/medinweb.ru/public/var/files/1/exim/backup/images/Стоматологическая_установка_SMILE_CLASSIC_класса_Universal.jpg#{[ru]:;}"
"Category41";"M";"";"/var/www/medinweb.ru/public/var/files/1/exim/backup/images/Спирометр_SPIROVIT_SP-1.jpg#{[ru]:;}"
"Category44";"M";"";"/var/www/medinweb.ru/public/var/files/1/exim/backup/images/Компрессор_медицинский_DK50_2х2V:110_М.jpg#{[ru]:;}"
"Category48";"M";"";"/var/www/medinweb.ru/public/var/files/1/exim/backup/images/Ситиборд_RollerRacer.jpg#{[ru]:;}"
"Category50";"M";"";"/var/www/medinweb.ru/public/var/files/1/exim/backup/images/Электрокардиограф_Cardiovit_AT-102.jpg#{[ru]:;}"
"Category12";"";"";""
"Category11";"";"";""
"Category18";"M";"";"/var/www/medinweb.ru/public/var/files/1/exim/backup/images/Облучатель_Аэролайф_Л-40-15.jpg#{[ru]:;}"
"Category2";"M";"";"/var/www/medinweb.ru/public/var/files/1/exim/backup/images/audiometr_226.jpg#{[ru]:;}"
"Category3";"M";"";"/var/www/medinweb.ru/public/var/files/1/exim/backup/images/Аудиометр_AD229е.jpg#{[ru]:;}"
"Category5";"M";"";"/var/www/medinweb.ru/public/var/files/1/exim/backup/images/Автоклав_Euroklav_23_S_серии_Melag_с_принадлежностями.jpg#{[ru]:;}"
"Category7";"M";"";"/var/www/medinweb.ru/public/var/files/1/exim/backup/images/Стерилизатор_Tuttnauer_2340_MK.jpg#{[ru]:;}"
"Category6";"M";"";"/var/www/medinweb.ru/public/var/files/1/exim/backup/images/Автоклав_2540_МК.jpg#{[ru]:;}"
"Category9";"M";"";"/var/www/medinweb.ru/public/var/files/1/exim/backup/images/Дефибриллятор_Fred_Easyport.jpg#{[ru]:;}"
"Category10";"M";"";"/var/www/medinweb.ru/public/var/files/1/exim/backup/images/Кровать_Футура_Плюс_(2-секционная).jpg#{[ru]:;}"
"Category15";"M";"";"/var/www/medinweb.ru/public/var/files/1/exim/backup/images/CelluVision_Professional_Plates.jpg#{[ru]:;}"
"Category16";"M";"";"/var/www/medinweb.ru/public/var/files/1/exim/backup/images/THERMO-CELL-DGT_3.jpg#{[ru]:;}"
"Category17";"M";"";"/var/www/medinweb.ru/public/var/files/1/exim/backup/images/THERMO-CELL-DGT_3_ocl2-6x.jpg#{[ru]:;}"
"Category20";"M";"";"/var/www/medinweb.ru/public/var/files/1/exim/backup/images/Облучатель_Аэролайф_Л-55-15.jpg#{[ru]:;}"
"Category22";"M";"";"/var/www/medinweb.ru/public/var/files/1/exim/backup/images/Облучатель_Аэролайф_Л-100-24М_x9zz-es.jpg#{[ru]:;}"
"Category23";"M";"";"/var/www/medinweb.ru/public/var/files/1/exim/backup/images/Облучатель_Аэролайф_Л-200-48.jpg#{[ru]:;}"
"Category23";"M";"";"/var/www/medinweb.ru/public/var/files/1/exim/backup/images/Облучатель_Аэролайф_Л-40-15_60ye-fn_svhw-5z_nmhh-j1_zayb-uz.jpg#{[ru]:;}"
"Category24";"M";"";"/var/www/medinweb.ru/public/var/files/1/exim/backup/images/Облучатель_Аэролайф_Л-40-15_60ye-fn_svhw-5z_nmhh-j1_zayb-uz_zsgb-fw.jpg#{[ru]:;}"
"Category26";"M";"";"/var/www/medinweb.ru/public/var/files/1/exim/backup/images/ОРУБн-2-01-«КРОНТ»_(Дезар-2).jpg#{[ru]:;}"
"Category25";"M";"";"/var/www/medinweb.ru/public/var/files/1/exim/backup/images/Облучатель_бактерицидный_«Азов»_ОБН-150.jpg#{[ru]:;}"
"Category27";"M";"";"/var/www/medinweb.ru/public/var/files/1/exim/backup/images/Облучатель-рециркулятор_воздуха_УФ_бактерицидный_ОРУБн-3-3-""КРОНТ""_(Дезар-3).jpg#{[ru]:;}"
"Category28";"M";"";"/var/www/medinweb.ru/public/var/files/1/exim/backup/images/_Облучатель-рециркулятор_воздуха_УФ_бактерицидный_ОРУБп-3-3-""КРОНТ""_(Дезар-4).jpg#{[ru]:;}"
"Category29";"M";"";"/var/www/medinweb.ru/public/var/files/1/exim/backup/images/Облучатель-рециркулятор_воздуха_УФ_бактерицидный_ОРУБн-3-3-""КРОНТ""_(Дезар-3)_h4fo-ux.jpg#{[ru]:;}"
"Category30";"M";"";"/var/www/medinweb.ru/public/var/files/1/exim/backup/images/Облучатель-рециркулятор_воздуха_УФ_бактерицидный_ОРУБн-01-«КРОНТ»_(Дезар-6).jpg#{[ru]:;}"
"Category31";"M";"";"/var/www/medinweb.ru/public/var/files/1/exim/backup/images/Облучатель_«ОРУБп-3-5_«КРОНТ»_(Дезар-7)_передвижной.jpg#{[ru]:;}"
"Category32";"M";"";"/var/www/medinweb.ru/public/var/files/1/exim/backup/images/Облучатель-рециркулятор_воздуха_УФ_бактерицидный_ОРУБп-01-«КРОНТ»_(Дезар-8).jpg#{[ru]:;}"
"Category34";"M";"";"/var/www/medinweb.ru/public/var/files/1/exim/backup/images/Регистратор_АД_BR-102plus.jpg#{[ru]:;}"
"Category36";"M";"";"/var/www/medinweb.ru/public/var/files/1/exim/backup/images/Стоматологическая_установка_SMILE_SYMPATIC_класса_Universal.jpg#{[ru]:;}"
"Category37";"M";"";"/var/www/medinweb.ru/public/var/files/1/exim/backup/images/Стоматологическая_установка_SMILE_CHARM_класса_de_Luxe.jpg#{[ru]:;}"
"Category38";"M";"";"/var/www/medinweb.ru/public/var/files/1/exim/backup/images/Стоматологическая_установка_SMILE_MINI_02-3Р.jpg#{[ru]:;}"
"Category39";"M";"";"/var/www/medinweb.ru/public/var/files/1/exim/backup/images/Стоматологическая_установка_SMILE_MINI_04-3.jpg#{[ru]:;}"
"Category40";"M";"";"/var/www/medinweb.ru/public/var/files/1/exim/backup/images/Стоматологическая_установка_SMILE_MINI_04-4Р.jpg#{[ru]:;}"
"Category42";"M";"";"/var/www/medinweb.ru/public/var/files/1/exim/backup/images/Спирометр_Spirovit_SP-2.jpg#{[ru]:;}"
"Category43";"M";"";"/var/www/medinweb.ru/public/var/files/1/exim/backup/images/Компрессор_медицинский_DK50_2V_S.jpg#{[ru]:;}"
"Category45";"M";"";"/var/www/medinweb.ru/public/var/files/1/exim/backup/images/Компрессор_медицинский_DK50_2V:110.jpg#{[ru]:;}"
"Category46";"M";"";"/var/www/medinweb.ru/public/var/files/1/exim/backup/images/Компрессор_медицинский_DK50-10_S.jpg#{[ru]:;}"
"Category47";"M";"";"/var/www/medinweb.ru/public/var/files/1/exim/backup/images/Компрессор_медицинский_DK_50_S.jpg#{[ru]:;}"
"Category51";"M";"";"/var/www/medinweb.ru/public/var/files/1/exim/backup/images/Электрокардиограф_Cardiovit_AT-2_Plus.jpg#{[ru]:;}"
"Category49";"M";"";"/var/www/medinweb.ru/public/var/files/1/exim/backup/images/Электрокардиограф_Cardiovit_AT-101.jpg#{[ru]:;}"
