Product code;Language;Price;Lower limit;User group;Percentage discount
"proba61";"ru";"4.55";"99";"Все";"0"
"proba66";"ru";"117.60";"99";"Все";"0"
"proba65";"ru";"135.60";"99";"Все";"0"
"proba33";"ru";"8.22";"131";"Все";"0"
"proba26";"ru";"4.26";"124";"Все";"0"
"proba32";"ru";"8.64";"130";"Все";"0"
"proba30";"ru";"5.64";"128";"Все";"0"
"proba29";"ru";"4.90";"127";"Все";"0"
"proba178";"ru";"1.96";"1";"Все";"0"
"proba79";"ru";"35.70";"99";"Все";"0"
"proba19";"ru";"2.89";"500";"Все";"0"
"proba31";"ru";"7.50";"129";"Все";"0"
"proba93";"ru";"2.70";"1";"Все";"0"
"proba67";"ru";"115.20";"99";"Все";"0"
"proba76";"ru";"18.60";"99";"Все";"0"
"proba68";"ru";"5.75";"99";"Все";"0"
"proba28";"ru";"4.50";"126";"Все";"0"
"proba41";"ru";"4.77";"1";"Все";"0"
"proba27";"ru";"4.68";"125";"Все";"0"
"proba60";"ru";"26.50";"99";"Все";"0"
"proba64";"ru";"27.05";"99";"Все";"0"
"proba63";"ru";"13.10";"99";"Все";"0"
"proba121";"ru";"1.36";"1";"Все";"0"
"proba106";"ru";"6.63";"1";"Все";"0"
"proba25";"ru";"4.44";"123";"Все";"0"
"proba69";"ru";"8.51";"1";"Все";"0"
"proba34";"ru";"9.10";"132";"Все";"0"
"proba134";"ru";"2.35";"1";"Все";"0"
"proba92";"ru";"7.30";"1";"Все";"0"
"proba82";"ru";"19.15";"1";"Все";"0"
"proba83";"ru";"9.32";"1";"Все";"0"
"proba94";"ru";"3.34";"1";"Все";"0"
"proba105";"ru";"6.63";"1";"Все";"0"
"proba71";"ru";"41.06";"1";"Все";"0"
"proba165";"ru";"6.62";"1";"Все";"0"
"proba91";"ru";"7.30";"1";"Все";"0"
"proba168";"ru";"219.56";"1";"Все";"0"
"proba167";"ru";"10.69";"1";"Все";"0"
"proba137";"ru";"6.10";"1";"Все";"0"
"proba169";"ru";"264.68";"1";"Все";"0"
"proba146";"ru";"15.87";"1";"Все";"0"
"proba18";"ru";"2.37";"116";"Все";"0"
"proba36";"ru";"9.36";"134";"Все";"0"
"proba38";"ru";"20.78";"1";"Все";"0"
"proba104";"ru";"6.63";"1";"Все";"0"
"proba20";"ru";"3.22";"118";"Все";"0"
"proba21";"ru";"5.59";"119";"Все";"0"
"proba23";"ru";"6.56";"121";"Все";"0"
"proba22";"ru";"6.43";"120";"Все";"0"
"proba113";"ru";"11.44";"1";"Все";"0"
"proba114";"ru";"13.51";"1";"Все";"0"
"proba19";"ru";"2.89";"117";"Все";"0"
"proba76";"ru";"21.39";"1";"Все";"0"
"proba136";"ru";"3.39";"1";"Все";"0"
"proba135";"ru";"2.35";"1";"Все";"0"
"proba196";"ru";"14.64";"1";"Все";"0"
"proba39";"ru";"28.80";"99";"Все";"0"
"proba195";"ru";"0.00";"1";"Все";"0"
"proba7";"ru";"5.70";"105";"Все";"0"
"proba8";"ru";"8.28";"106";"Все";"0"
"proba9";"ru";"9.89";"107";"Все";"0"
"proba10";"ru";"10.79";"108";"Все";"0"
"proba6";"ru";"5.12";"104";"Все";"0"
"proba122";"ru";"1.73";"1";"Все";"0"
"proba35";"ru";"8.45";"133";"Все";"0"
"proba74";"ru";"11.62";"1";"Все";"0"
"proba153";"ru";"15.81";"1";"Все";"0"
"proba160";"ru";"2.12";"1";"Все";"0"
"proba158";"ru";"3.45";"1";"Все";"0"
"proba161";"ru";"2.30";"1";"Все";"0"
"proba162";"ru";"2.47";"1";"Все";"0"
"proba159";"ru";"4.57";"1";"Все";"0"
"proba144";"ru";"7.48";"1";"Все";"0"
"proba55";"ru";"0.67";"1";"Все";"0"
"proba57";"ru";"12.00";"99";"Все";"0"
"proba56";"ru";"0.72";"99";"Все";"0"
"proba90";"ru";"5.58";"1";"Все";"0"
"proba103";"ru";"6.63";"1";"Все";"0"
"proba111";"ru";"10.24";"1";"Все";"0"
"proba46";"ru";"8.97";"1";"Все";"0"
"proba110";"ru";"7.13";"1";"Все";"0"
"proba108";"ru";"7.30";"1";"Все";"0"
"proba87";"ru";"0.23";"1";"Все";"0"
"proba50";"ru";"9.37";"1";"Все";"0"
"proba107";"ru";"4.77";"1";"Все";"0"
"proba131";"ru";"36.23";"1";"Все";"0"
"proba149";"ru";"1.38";"1";"Все";"0"
"proba100";"ru";"5.21";"99";"Все";"0"
"proba99";"ru";"5.99";"1";"Все";"0"
"proba56";"ru";"0.83";"1";"Все";"0"
"proba192";"ru";"0.00";"1";"Все";"0"
"proba139";"ru";"736.00";"1";"Все";"0"
"proba191";"ru";"0.00";"1";"Все";"0"
"proba127";"ru";"4.35";"1";"Все";"0"
"proba133";"ru";"2.07";"1";"Все";"0"
"proba49";"ru";"8.80";"1";"Все";"0"
"proba39";"ru";"33.12";"1";"Все";"0"
"proba84";"ru";"9.20";"1";"Все";"0"
"proba77";"ru";"41.47";"1";"Все";"0"
"proba140";"ru";"6.21";"1";"Все";"0"
"proba145";"ru";"13.94";"1";"Все";"0"
"proba85";"ru";"12.54";"1";"Все";"0"
"proba86";"ru";"35.88";"1";"Все";"0"
"proba102";"ru";"5.99";"1";"Все";"0"
"proba157";"ru";"2.47";"1";"Все";"0"
"proba101";"ru";"5.99";"1";"Все";"0"
"proba72";"ru";"31.17";"1";"Все";"0"
"proba112";"ru";"12.54";"1";"Все";"0"
"proba189";"ru";"0.72";"1";"Все";"0"
"proba151";"ru";"2.48";"1";"Все";"0"
"proba120";"ru";"1.00";"1";"Все";"0"
"proba47";"ru";"10.24";"1";"Все";"0"
"proba40";"ru";"63.48";"1";"Все";"0"
"proba63";"ru";"15.07";"1";"Все";"0"
"proba141";"ru";"5.74";"1";"Все";"0"
"proba152";"ru";"510.60";"1";"Все";"0"
"proba44";"ru";"6.21";"1";"Все";"0"
"proba24";"ru";"3.78";"122";"Все";"0"
"proba64";"ru";"31.11";"1";"Все";"0"
"proba184";"ru";"2.09";"1";"Все";"0"
"proba142";"ru";"9.25";"1";"Все";"0"
"proba185";"ru";"2.23";"1";"Все";"0"
"proba143";"ru";"10.90";"1";"Все";"0"
"proba186";"ru";"3.21";"1";"Все";"0"
"proba183";"ru";"2.22";"1";"Все";"0"
"proba65";"ru";"155.94";"1";"Все";"0"
"proba66";"ru";"135.24";"1";"Все";"0"
"proba176";"ru";"3.01";"1";"Все";"0"
"proba175";"ru";"2.07";"1";"Все";"0"
"proba187";"ru";"4.67";"1";"Все";"0"
"proba16";"ru";"9.24";"114";"Все";"0"
"proba73";"ru";"45.25";"1";"Все";"0"
"proba48";"ru";"7.30";"1";"Все";"0"
"proba5";"ru";"4.32";"103";"Все";"0"
"proba4";"ru";"4.90";"102";"Все";"0"
"proba1";"ru";"1.87";"99";"Все";"0"
"proba2";"ru";"3.50";"100";"Все";"0"
"proba3";"ru";"4.32";"101";"Все";"0"
"proba57";"ru";"13.80";"1";"Все";"0"
"proba59";"ru";"59.51";"1";"Все";"0"
"proba58";"ru";"26.22";"1";"Все";"0"
"proba75";"ru";"9.75";"99";"Все";"0"
"proba59";"ru";"51.75";"99";"Все";"0"
"proba14";"ru";"4.90";"112";"Все";"0"
"proba13";"ru";"4.79";"111";"Все";"0"
"proba164";"ru";"4.57";"1";"Все";"0"
"proba15";"ru";"7.63";"113";"Все";"0"
"proba115";"ru";"34.50";"1";"Все";"0"
"proba78";"ru";"26.57";"1";"Все";"0"
"proba150";"ru";"2.21";"1";"Все";"0"
"proba45";"ru";"7.88";"1";"Все";"0"
"proba51";"ru";"3.96";"99";"Все";"0"
"proba52";"ru";"8.30";"99";"Все";"0"
"proba163";"ru";"3.45";"1";"Все";"0"
"proba98";"ru";"5.99";"1";"Все";"0"
"proba53";"ru";"10.00";"99";"Все";"0"
"proba81";"ru";"23.06";"1";"Все";"0"
"proba38";"ru";"18.07";"99";"Все";"0"
"proba89";"ru";"3.97";"1";"Все";"0"
"proba88";"ru";"2.93";"1";"Все";"0"
"proba171";"ru";"379.36";"1";"Все";"0"
"proba172";"ru";"575.87";"1";"Все";"0"
"proba170";"ru";"352.52";"1";"Все";"0"
"proba62";"ru";"6.90";"99";"Все";"0"
"proba42";"ru";"9.80";"1";"Все";"0"
"proba177";"ru";"4.33";"1";"Все";"0"
"proba128";"ru";"0.86";"1";"Все";"0"
"proba43";"ru";"11.73";"1";"Все";"0"
"proba148";"ru";"32.84";"1";"Все";"0"
"proba75";"ru";"11.21";"1";"Все";"0"
"proba182";"ru";"2.22";"1";"Все";"0"
"proba12";"ru";"3.98";"110";"Все";"0"
"proba179";"ru";"2.18";"1";"Все";"0"
"proba73";"ru";"39.35";"99";"Все";"0"
"proba11";"ru";"18.73";"109";"Все";"0"
"proba138";"ru";"15.41";"1";"Все";"0"
"proba67";"ru";"132.48";"1";"Все";"0"
"proba68";"ru";"6.61";"1";"Все";"0"
"proba180";"ru";"3.21";"1";"Все";"0"
"proba181";"ru";"4.59";"1";"Все";"0"
"proba72";"ru";"27.10";"99";"Все";"0"
"proba97";"ru";"12.71";"1";"Все";"0"
"proba54";"ru";"0.35";"99";"Все";"0"
"proba55";"ru";"0.58";"99";"Все";"0"
"proba155";"ru";"24.73";"1";"Все";"0"
"proba188";"ru";"0.72";"1";"Все";"0"
"proba166";"ru";"9.19";"1";"Все";"0"
"proba17";"ru";"10.14";"115";"Все";"0"
"proba174";"ru";"1.72";"1";"Все";"0"
"proba147";"ru";"14.84";"1";"Все";"0"
"proba130";"ru";"36.92";"1";"Все";"0"
"proba193";"ru";"0.00";"1";"Все";"0"
"proba194";"ru";"1.00";"1";"Все";"0"
"proba116";"ru";"27.60";"1";"Все";"0"
"proba190";"ru";"0.86";"1";"Все";"0"
"proba96";"ru";"7.30";"1";"Все";"0"
"proba95";"ru";"3.39";"1";"Все";"0"
"proba37";"ru";"14.64";"1";"Все";"0"
"proba70";"ru";"17.88";"1";"Все";"0"
"proba40";"ru";"55.20";"99";"Все";"0"
"proba129";"ru";"0.00";"1";"Все";"0"
"proba123";"ru";"1.96";"1";"Все";"0"
"proba124";"ru";"0.00";"1";"Все";"0"
"proba125";"ru";"21.85";"1";"Все";"0"
"proba79";"ru";"41.06";"1";"Все";"0"
"proba119";"ru";"0.00";"1";"Все";"0"
"proba43";"ru";"10.20";"99";"Все";"0"
"proba118";"ru";"0.00";"1";"Все";"0"
"proba58";"ru";"22.80";"99";"Все";"0"
"proba42";"ru";"8.52";"99";"Все";"0"
"proba41";"ru";"4.15";"99";"Все";"0"
"proba54";"ru";"0.40";"1";"Все";"0"
"proba52";"ru";"9.55";"1";"Все";"0"
"proba51";"ru";"4.55";"1";"Все";"0"
"proba53";"ru";"11.50";"1";"Все";"0"
"proba62";"ru";"7.94";"1";"Все";"0"
"proba60";"ru";"30.48";"1";"Все";"0"
"proba61";"ru";"5.23";"1";"Все";"0"
"proba117";"ru";"0.00";"1";"Все";"0"
"proba109";"ru";"9.49";"1";"Все";"0"
"proba126";"ru";"1.09";"1";"Все";"0"
"proba70";"ru";"15.55";"99";"Все";"0"
"proba69";"ru";"7.40";"99";"Все";"0"
"proba71";"ru";"35.70";"99";"Все";"0"
"proba173";"ru";"28.26";"1";"Все";"0"
"proba36";"ru";"1.87";"99";"Все";"0"
"proba154";"ru";"20.99";"1";"Все";"0"
"proba37";"ru";"12.73";"99";"Все";"0"
"proba156";"ru";"2.12";"1";"Все";"0"
"proba49";"ru";"7.65";"99";"Все";"0"
"proba48";"ru";"6.35";"99";"Все";"0"
"proba44";"ru";"5.40";"99";"Все";"0"
"proba45";"ru";"6.85";"99";"Все";"0"
"proba47";"ru";"8.90";"99";"Все";"0"
"proba46";"ru";"7.80";"99";"Все";"0"
"proba80";"ru";"15.35";"1";"Все";"0"
"proba50";"ru";"8.15";"99";"Все";"0"
"proba132";"ru";"33.35";"1";"Все";"0"
"proba1";"ru";"2.15";"1";"Все";"0"
"proba2";"ru";"4.03";"1";"Все";"0"
"proba3";"ru";"4.97";"1";"Все";"0"
"proba74";"ru";"10.10";"99";"Все";"0"
"proba77";"ru";"36.06";"99";"Все";"0"
"proba81";"ru";"20.05";"99";"Все";"0"
"proba78";"ru";"23.10";"99";"Все";"0"
"proba80";"ru";"13.35";"99";"Все";"0"
"proba4";"ru";"5.64";"1";"Все";"0"
"proba5";"ru";"4.97";"1";"Все";"0"
"proba6";"ru";"5.89";"1";"Все";"0"
"proba7";"ru";"6.55";"1";"Все";"0"
"proba8";"ru";"9.52";"1";"Все";"0"
"proba9";"ru";"11.37";"1";"Все";"0"
"proba10";"ru";"12.40";"1";"Все";"0"
"proba11";"ru";"21.53";"1";"Все";"0"
"proba12";"ru";"4.58";"1";"Все";"0"
"proba13";"ru";"5.50";"1";"Все";"0"
"proba14";"ru";"5.64";"1";"Все";"0"
"proba15";"ru";"8.77";"1";"Все";"0"
"proba16";"ru";"10.63";"1";"Все";"0"
"proba17";"ru";"10.64";"1";"Все";"0"
"proba18";"ru";"2.73";"1";"Все";"0"
"proba19";"ru";"3.32";"1";"Все";"0"
"proba20";"ru";"3.70";"1";"Все";"0"
"proba21";"ru";"6.43";"1";"Все";"0"
"proba22";"ru";"7.40";"1";"Все";"0"
"proba23";"ru";"7.55";"1";"Все";"0"
"proba24";"ru";"4.35";"1";"Все";"0"
"proba25";"ru";"5.11";"1";"Все";"0"
"proba26";"ru";"4.90";"1";"Все";"0"
"proba27";"ru";"5.38";"1";"Все";"0"
"proba28";"ru";"5.18";"1";"Все";"0"
"proba29";"ru";"5.64";"1";"Все";"0"
"proba30";"ru";"6.49";"1";"Все";"0"
"proba31";"ru";"8.62";"1";"Все";"0"
"proba32";"ru";"9.95";"1";"Все";"0"
"proba33";"ru";"9.45";"1";"Все";"0"
"proba34";"ru";"10.46";"1";"Все";"0"
"proba35";"ru";"9.72";"1";"Все";"0"
"proba36";"ru";"1.87";"1";"Все";"0"
"proba82";"ru";"16.65";"99";"Все";"0"
"proba83";"ru";"8.10";"99";"Все";"0"
"proba84";"ru";"8.00";"99";"Все";"0"
"proba85";"ru";"10.90";"99";"Все";"0"
"proba86";"ru";"31.20";"99";"Все";"0"
"proba87";"ru";"0.20";"99";"Все";"0"
"proba88";"ru";"2.55";"99";"Все";"0"
"proba89";"ru";"3.45";"99";"Все";"0"
"proba90";"ru";"4.85";"99";"Все";"0"
"proba91";"ru";"6.35";"99";"Все";"0"
"proba92";"ru";"6.35";"99";"Все";"0"
"proba93";"ru";"2.35";"99";"Все";"0"
"proba94";"ru";"2.90";"99";"Все";"0"
"proba95";"ru";"2.95";"99";"Все";"0"
"proba96";"ru";"6.35";"99";"Все";"0"
"proba97";"ru";"11.05";"99";"Все";"0"
"proba98";"ru";"5.21";"99";"Все";"0"
"proba99";"ru";"5.21";"99";"Все";"0"
"proba100";"ru";"5.99";"1";"Все";"0"
"proba101";"ru";"5.21";"99";"Все";"0"
"proba102";"ru";"5.21";"99";"Все";"0"
"proba103";"ru";"5.76";"99";"Все";"0"
"proba104";"ru";"5.76";"99";"Все";"0"
"proba105";"ru";"5.76";"99";"Все";"0"
"proba106";"ru";"5.76";"99";"Все";"0"
"proba107";"ru";"4.15";"99";"Все";"0"
"proba108";"ru";"6.35";"99";"Все";"0"
"proba109";"ru";"8.25";"99";"Все";"0"
"proba110";"ru";"6.20";"99";"Все";"0"
"proba111";"ru";"8.90";"99";"Все";"0"
"proba112";"ru";"10.90";"99";"Все";"0"
"proba113";"ru";"9.95";"99";"Все";"0"
"proba114";"ru";"11.75";"99";"Все";"0"
"proba115";"ru";"30.00";"99";"Все";"0"
"proba116";"ru";"24.00";"99";"Все";"0"
"proba117";"ru";"0.54";"99";"Все";"0"
"proba118";"ru";"0.65";"99";"Все";"0"
"proba119";"ru";"0.72";"99";"Все";"0"
"proba120";"ru";"1.05";"99";"Все";"0"
"proba121";"ru";"1.18";"99";"Все";"0"
"proba122";"ru";"1.50";"99";"Все";"0"
"proba123";"ru";"1.70";"99";"Все";"0"
"proba124";"ru";"2.50";"99";"Все";"0"
"proba125";"ru";"19.00";"99";"Все";"0"
"proba126";"ru";"0.95";"99";"Все";"0"
"proba127";"ru";"3.78";"99";"Все";"0"
"proba128";"ru";"0.75";"99";"Все";"0"
"proba129";"ru";"2.25";"99";"Все";"0"
"proba130";"ru";"32.10";"99";"Все";"0"
"proba131";"ru";"31.50";"99";"Все";"0"
"proba132";"ru";"29.00";"99";"Все";"0"
"proba133";"ru";"1.80";"99";"Все";"0"
"proba134";"ru";"2.04";"99";"Все";"0"
"proba135";"ru";"2.04";"99";"Все";"0"
"proba136";"ru";"2.95";"99";"Все";"0"
"proba137";"ru";"5.30";"99";"Все";"0"
"proba138";"ru";"13.40";"99";"Все";"0"
"proba139";"ru";"640.00";"99";"Все";"0"
"proba140";"ru";"5.40";"99";"Все";"0"
"proba141";"ru";"4.99";"99";"Все";"0"
"proba142";"ru";"8.04";"99";"Все";"0"
"proba143";"ru";"9.48";"99";"Все";"0"
"proba144";"ru";"6.50";"99";"Все";"0"
"proba145";"ru";"12.12";"99";"Все";"0"
"proba146";"ru";"13.80";"99";"Все";"0"
"proba147";"ru";"12.90";"99";"Все";"0"
"proba148";"ru";"28.56";"99";"Все";"0"
"proba149";"ru";"1.20";"99";"Все";"0"
"proba150";"ru";"1.92";"99";"Все";"0"
"proba151";"ru";"2.16";"99";"Все";"0"
"proba152";"ru";"444.00";"99";"Все";"0"
"proba153";"ru";"13.75";"99";"Все";"0"
"proba154";"ru";"18.25";"99";"Все";"0"
"proba155";"ru";"21.50";"99";"Все";"0"
"proba156";"ru";"1.84";"99";"Все";"0"
"proba157";"ru";"2.14";"99";"Все";"0"
"proba158";"ru";"3.00";"99";"Все";"0"
"proba159";"ru";"3.98";"99";"Все";"0"
"proba160";"ru";"1.84";"99";"Все";"0"
"proba161";"ru";"2.00";"99";"Все";"0"
"proba162";"ru";"2.14";"99";"Все";"0"
"proba163";"ru";"3.00";"99";"Все";"0"
"proba164";"ru";"3.98";"99";"Все";"0"
"proba165";"ru";"5.76";"99";"Все";"0"
"proba166";"ru";"7.99";"99";"Все";"0"
"proba167";"ru";"9.30";"99";"Все";"0"
"proba168";"ru";"190.92";"99";"Все";"0"
"proba169";"ru";"230.16";"99";"Все";"0"
"proba170";"ru";"306.54";"99";"Все";"0"
"proba171";"ru";"329.88";"99";"Все";"0"
"proba172";"ru";"500.76";"99";"Все";"0"
"proba173";"ru";"24.58";"99";"Все";"0"
"proba174";"ru";"1.49";"99";"Все";"0"
"proba175";"ru";"1.80";"99";"Все";"0"
"proba176";"ru";"2.62";"99";"Все";"0"
"proba177";"ru";"3.77";"99";"Все";"0"
"proba178";"ru";"1.70";"99";"Все";"0"
"proba179";"ru";"1.90";"99";"Все";"0"
"proba180";"ru";"2.79";"99";"Все";"0"
"proba181";"ru";"3.99";"99";"Все";"0"
"proba182";"ru";"1.93";"99";"Все";"0"
"proba183";"ru";"1.93";"99";"Все";"0"
"proba184";"ru";"1.82";"99";"Все";"0"
"proba185";"ru";"1.94";"99";"Все";"0"
"proba186";"ru";"2.80";"99";"Все";"0"
"proba187";"ru";"4.06";"99";"Все";"0"
"proba188";"ru";"0.62";"99";"Все";"0"
"proba189";"ru";"0.62";"99";"Все";"0"
"proba190";"ru";"0.74";"99";"Все";"0"
"proba191";"ru";"0.62";"99";"Все";"0"
"proba192";"ru";"0.70";"99";"Все";"0"
"proba193";"ru";"0.75";"99";"Все";"0"
"proba194";"ru";"1.30";"99";"Все";"0"
"proba195";"ru";"1.70";"99";"Все";"0"
"proba196";"ru";"2.50";"99";"Все";"0"
"proba197";"ru";"113.85";"1";"Все";"0"
"proba198";"ru";"113.85";"1";"Все";"0"
"proba199";"ru";"113.85";"1";"Все";"0"
"proba200";"ru";"113.85";"1";"Все";"0"
"proba201";"ru";"113.85";"1";"Все";"0"
"proba202";"ru";"113.85";"1";"Все";"0"
"proba203";"ru";"0.41";"1";"Все";"0"
"proba204";"ru";"0.77";"1";"Все";"0"
"proba205";"ru";"0.83";"1";"Все";"0"
"proba206";"ru";"1.35";"1";"Все";"0"
"proba207";"ru";"1.73";"1";"Все";"0"
"proba208";"ru";"4.12";"1";"Все";"0"
"proba209";"ru";"6.69";"1";"Все";"0"
"proba210";"ru";"12.11";"1";"Все";"0"
"proba211";"ru";"17.66";"1";"Все";"0"
"proba212";"ru";"22.75";"1";"Все";"0"
"proba213";"ru";"33.07";"1";"Все";"0"
"proba214";"ru";"235.98";"1";"Все";"0"
"proba215";"ru";"662.40";"1";"Все";"0"
"proba216";"ru";"224.25";"1";"Все";"0"
"proba217";"ru";"289.80";"1";"Все";"0"
"proba218";"ru";"1449.00";"1";"Все";"0"
"proba219";"ru";"230.56";"1";"Все";"0"
"proba220";"ru";"287.50";"1";"Все";"0"
"proba221";"ru";"3554.08";"1";"Все";"0"
"proba222";"ru";"35.08";"1";"Все";"0"
"proba223";"ru";"38.53";"1";"Все";"0"
"proba224";"ru";"46.12";"1";"Все";"0"
"proba225";"ru";"4.31";"1";"Все";"0"
"proba226";"ru";"5.00";"1";"Все";"0"
"proba227";"ru";"4.66";"1";"Все";"0"
"proba228";"ru";"5.22";"1";"Все";"0"
"proba229";"ru";"4.72";"1";"Все";"0"
"proba230";"ru";"5.00";"1";"Все";"0"
"proba231";"ru";"5.46";"1";"Все";"0"
"proba232";"ru";"5.35";"1";"Все";"0"
"proba233";"ru";"5.72";"1";"Все";"0"
"proba234";"ru";"6.73";"1";"Все";"0"
"proba235";"ru";"6.84";"1";"Все";"0"
"proba236";"ru";"5.96";"1";"Все";"0"
"proba237";"ru";"7.59";"1";"Все";"0"
"proba238";"ru";"6.96";"1";"Все";"0"
"proba239";"ru";"7.20";"1";"Все";"0"
"proba240";"ru";"8.26";"1";"Все";"0"
"proba241";"ru";"101.83";"1";"Все";"0"
"proba242";"ru";"0.81";"1";"Все";"0"
"proba243";"ru";"1.36";"1";"Все";"0"
"proba244";"ru";"2.53";"1";"Все";"0"
"proba245";"ru";"2.75";"1";"Все";"0"
"proba246";"ru";"0.17";"1";"Все";"0"
"proba247";"ru";"61.36";"1";"Все";"0"
"proba248";"ru";"64.78";"1";"Все";"0"
"proba249";"ru";"67.78";"1";"Все";"0"
"proba250";"ru";"70.45";"1";"Все";"0"
"proba251";"ru";"154.50";"1";"Все";"0"
"proba252";"ru";"161.63";"1";"Все";"0"
"proba253";"ru";"159.08";"1";"Все";"0"
"proba254";"ru";"168.16";"1";"Все";"0"
"proba255";"ru";"578.40";"1";"Все";"0"
"proba256";"ru";"605.70";"1";"Все";"0"
"proba257";"ru";"606.86";"1";"Все";"0"
"proba258";"ru";"632.95";"1";"Все";"0"
"proba259";"ru";"73.20";"1";"Все";"0"
"proba260";"ru";"173.60";"1";"Все";"0"
"proba261";"ru";"731.80";"1";"Все";"0"
"proba262";"ru";"818.17";"1";"Все";"0"
"proba263";"ru";"79.52";"1";"Все";"0"
"proba264";"ru";"197.45";"1";"Все";"0"
"proba265";"ru";"75.53";"1";"Все";"0"
"proba266";"ru";"202.35";"1";"Все";"0"
"proba267";"ru";"10.47";"1";"Все";"0"
"proba268";"ru";"24.61";"1";"Все";"0"
"proba269";"ru";"24.61";"1";"Все";"0"
"proba270";"ru";"24.61";"1";"Все";"0"
"proba271";"ru";"4.72";"1";"Все";"0"
"proba272";"ru";"6.33";"1";"Все";"0"
"proba273";"ru";"2.76";"1";"Все";"0"
"proba274";"ru";"2.76";"1";"Все";"0"
"proba275";"ru";"3.28";"1";"Все";"0"
"proba276";"ru";"2.76";"1";"Все";"0"
"proba277";"ru";"2.24";"1";"Все";"0"
"proba278";"ru";"5.64";"1";"Все";"0"
"proba279";"ru";"6.67";"1";"Все";"0"
"proba280";"ru";"4.95";"1";"Все";"0"
"proba281";"ru";"4.20";"1";"Все";"0"
"proba282";"ru";"28.75";"1";"Все";"0"
"proba283";"ru";"23.00";"1";"Все";"0"
"proba284";"ru";"28.75";"1";"Все";"0"
"proba285";"ru";"6.21";"1";"Все";"0"
"proba286";"ru";"22.77";"1";"Все";"0"
"proba287";"ru";"14.49";"1";"Все";"0"
"proba288";"ru";"0.47";"1";"Все";"0"
"proba289";"ru";"0.82";"1";"Все";"0"
"proba290";"ru";"1.96";"1";"Все";"0"
"proba291";"ru";"60.95";"1";"Все";"0"
"proba292";"ru";"5.00";"1";"Все";"0"
"proba293";"ru";"35.88";"1";"Все";"0"
"proba197";"ru";"99.00";"99";"Все";"0"
"proba198";"ru";"99.00";"99";"Все";"0"
"proba199";"ru";"99.00";"99";"Все";"0"
"proba200";"ru";"99.00";"99";"Все";"0"
"proba201";"ru";"99.00";"99";"Все";"0"
"proba202";"ru";"99.00";"99";"Все";"0"
"proba203";"ru";"0.36";"99";"Все";"0"
"proba204";"ru";"0.67";"99";"Все";"0"
"proba205";"ru";"0.72";"99";"Все";"0"
"proba206";"ru";"1.17";"99";"Все";"0"
"proba207";"ru";"1.50";"99";"Все";"0"
"proba208";"ru";"3.58";"99";"Все";"0"
"proba209";"ru";"5.82";"99";"Все";"0"
"proba210";"ru";"10.53";"99";"Все";"0"
"proba211";"ru";"15.36";"99";"Все";"0"
"proba212";"ru";"19.78";"99";"Все";"0"
"proba213";"ru";"28.76";"99";"Все";"0"
"proba214";"ru";"205.20";"99";"Все";"0"
"proba215";"ru";"576.00";"99";"Все";"0"
"proba216";"ru";"195.00";"99";"Все";"0"
"proba217";"ru";"252.00";"99";"Все";"0"
"proba218";"ru";"1260.00";"99";"Все";"0"
"proba219";"ru";"200.50";"99";"Все";"0"
"proba220";"ru";"250.00";"99";"Все";"0"
"proba221";"ru";"3090.50";"99";"Все";"0"
"proba222";"ru";"30.50";"99";"Все";"0"
"proba223";"ru";"33.50";"99";"Все";"0"
"proba224";"ru";"40.10";"99";"Все";"0"
"proba225";"ru";"3.75";"99";"Все";"0"
"proba226";"ru";"4.35";"99";"Все";"0"
"proba227";"ru";"4.05";"99";"Все";"0"
"proba228";"ru";"4.54";"99";"Все";"0"
"proba229";"ru";"4.10";"99";"Все";"0"
"proba230";"ru";"4.35";"99";"Все";"0"
"proba231";"ru";"4.75";"99";"Все";"0"
"proba232";"ru";"4.65";"99";"Все";"0"
"proba233";"ru";"4.97";"99";"Все";"0"
"proba234";"ru";"5.85";"99";"Все";"0"
"proba235";"ru";"5.95";"99";"Все";"0"
"proba236";"ru";"5.18";"99";"Все";"0"
"proba237";"ru";"6.60";"99";"Все";"0"
"proba238";"ru";"6.05";"99";"Все";"0"
"proba239";"ru";"6.26";"99";"Все";"0"
"proba240";"ru";"7.18";"99";"Все";"0"
"proba241";"ru";"88.55";"99";"Все";"0"
"proba242";"ru";"0.70";"99";"Все";"0"
"proba243";"ru";"1.18";"99";"Все";"0"
"proba244";"ru";"2.20";"99";"Все";"0"
"proba245";"ru";"2.39";"99";"Все";"0"
"proba246";"ru";"0.15";"99";"Все";"0"
"proba247";"ru";"53.36";"99";"Все";"0"
"proba248";"ru";"56.33";"99";"Все";"0"
"proba249";"ru";"56.33";"99";"Все";"0"
"proba250";"ru";"61.26";"99";"Все";"0"
"proba251";"ru";"134.35";"99";"Все";"0"
"proba252";"ru";"140.55";"99";"Все";"0"
"proba253";"ru";"138.33";"99";"Все";"0"
"proba254";"ru";"146.23";"99";"Все";"0"
"proba255";"ru";"502.95";"99";"Все";"0"
"proba256";"ru";"526.70";"99";"Все";"0"
"proba257";"ru";"527.70";"99";"Все";"0"
"proba258";"ru";"550.38";"99";"Все";"0"
"proba259";"ru";"63.65";"99";"Все";"0"
"proba260";"ru";"150.95";"99";"Все";"0"
"proba261";"ru";"636.35";"99";"Все";"0"
"proba262";"ru";"711.45";"99";"Все";"0"
"proba263";"ru";"69.15";"99";"Все";"0"
"proba264";"ru";"171.70";"99";"Все";"0"
"proba265";"ru";"65.68";"99";"Все";"0"
"proba266";"ru";"175.95";"99";"Все";"0"
"proba267";"ru";"9.10";"99";"Все";"0"
"proba268";"ru";"21.40";"99";"Все";"0"
"proba269";"ru";"21.40";"99";"Все";"0"
"proba270";"ru";"21.40";"99";"Все";"0"
"proba271";"ru";"4.10";"99";"Все";"0"
"proba272";"ru";"5.50";"99";"Все";"0"
"proba273";"ru";"2.40";"99";"Все";"0"
"proba274";"ru";"2.40";"99";"Все";"0"
"proba275";"ru";"2.85";"99";"Все";"0"
"proba276";"ru";"2.40";"99";"Все";"0"
"proba277";"ru";"1.95";"99";"Все";"0"
"proba278";"ru";"4.90";"99";"Все";"0"
"proba279";"ru";"5.80";"99";"Все";"0"
"proba280";"ru";"4.30";"99";"Все";"0"
"proba281";"ru";"3.65";"99";"Все";"0"
"proba282";"ru";"25.00";"99";"Все";"0"
"proba283";"ru";"20.00";"99";"Все";"0"
"proba284";"ru";"25.00";"99";"Все";"0"
"proba285";"ru";"5.40";"99";"Все";"0"
"proba286";"ru";"19.80";"99";"Все";"0"
"proba287";"ru";"12.60";"99";"Все";"0"
"proba288";"ru";"0.41";"99";"Все";"0"
"proba289";"ru";"0.71";"99";"Все";"0"
"proba290";"ru";"1.70";"99";"Все";"0"
"proba291";"ru";"53.00";"99";"Все";"0"
"proba292";"ru";"4.35";"99";"Все";"0"
"proba293";"ru";"31.20";"99";"Все";"0"
"9324832";"ru";"70.29";"1";"Все";"0"
"9324841";"ru";"81.62";"1";"Все";"0"
"9324851";"ru";"99.66";"1";"Все";"0"
"9324861";"ru";"112.20";"1";"Все";"0"
"9324871";"ru";"82.50";"1";"Все";"0"
"9324881";"ru";"95.70";"1";"Все";"0"
"9324891";"ru";"116.60";"1";"Все";"0"
"9324901";"ru";"130.90";"1";"Все";"0"
"9324671";"ru";"82.50";"1";"Все";"0"
"9324681";"ru";"95.70";"1";"Все";"0"
"9324691";"ru";"116.60";"1";"Все";"0"
"9324701";"ru";"130.90";"1";"Все";"0"
"9324601";"ru";"389.73";"1";"Все";"0"
"9324731";"ru";"388.63";"1";"Все";"0"
"9324741";"ru";"478.17";"1";"Все";"0"
"9324371";"ru";"1977.14";"1";"Все";"0"
"9324381";"ru";"2412.19";"1";"Все";"0"
"9324391";"ru";"2926.55";"1";"Все";"0"
"9324520";"ru";"622.05";"1";"Все";"0"
"9324411";"ru";"70.29";"1";"Все";"0"
"9324422";"ru";"81.62";"1";"Все";"0"
"9324432";"ru";"99.66";"1";"Все";"0"
"9324442";"ru";"112.20";"1";"Все";"0"
"9324451";"ru";"130.35";"1";"Все";"0"
"9324461";"ru";"278.74";"1";"Все";"0"
"9324471";"ru";"331.98";"1";"Все";"0"
"9324481";"ru";"399.96";"1";"Все";"0"
"9324491";"ru";"491.70";"1";"Все";"0"
"9324501";"ru";"620.84";"1";"Все";"0"
"9316217";"ru";"18.15";"1";"Все";"0"
"9316235";"ru";"23.76";"1";"Все";"0"
"9316244";"ru";"26.01";"1";"Все";"0"
"9316253";"ru";"31.68";"1";"Все";"0"
"9316262";"ru";"48.73";"1";"Все";"0"
"3101335";"ru";"355.74";"1";"Все";"0"
"3101344";"ru";"488.62";"1";"Все";"0"
"3030402";"ru";"17.38";"1";"Все";"0"
"3030411";"ru";"18.48";"1";"Все";"0"
"3030429";"ru";"22.00";"1";"Все";"0"
"3030438";"ru";"24.31";"1";"Все";"0"
"3030447";"ru";"31.24";"1";"Все";"0"
"3031401";"ru";"144.43";"1";"Все";"0"
"3031419";"ru";"194.04";"1";"Все";"0"
"3031428";"ru";"211.42";"1";"Все";"0"
"3031437";"ru";"251.79";"1";"Все";"0"
"3031446";"ru";"339.57";"1";"Все";"0"
"3031614";"ru";"743.82";"1";"Все";"0"
"3031623";"ru";"884.73";"1";"Все";"0"
"3031632";"ru";"1086.91";"1";"Все";"0"
"3031641";"ru";"1383.69";"1";"Все";"0"
"9325411";"ru";"399.63";"1";"Все";"0"
"9325420";"ru";"538.23";"1";"Все";"0"
"9325439";"ru";"713.79";"1";"Все";"0"
"9325448";"ru";"1075.36";"1";"Все";"0"
"9325457";"ru";"1330.56";"1";"Все";"0"
"9325466";"ru";"1786.84";"1";"Все";"0"
"4271104";"ru";"135.19";"1";"Все";"0"
"4271114";"ru";"164.01";"1";"Все";"0"
"4271124";"ru";"386.98";"1";"Все";"0"
"4271134";"ru";"514.03";"1";"Все";"0"
"4271144";"ru";"651.42";"1";"Все";"0"
"4271154";"ru";"781.99";"1";"Все";"0"
"4271464";"ru";"370.81";"1";"Все";"0"
"4271474";"ru";"468.93";"1";"Все";"0"
"4271484";"ru";"487.41";"1";"Все";"0"
"4272112";"ru";"23.10";"1";"Все";"0"
"4272134";"ru";"124.74";"1";"Все";"0"
"4272144";"ru";"137.50";"1";"Все";"0"
"4272611";"ru";"824.67";"1";"Все";"0"
"4272534";"ru";"578.71";"1";"Все";"0"
"4272544";"ru";"1029.16";"1";"Все";"0"
"9005301";"ru";"51.04";"1";"Все";"0"
"9005311";"ru";"82.72";"1";"Все";"0"
"9005329";"ru";"146.19";"1";"Все";"0"
"9005007";"ru";"49.83";"1";"Все";"0"
"9005014";"ru";"80.41";"1";"Все";"0"
"9005025";"ru";"137.06";"1";"Все";"0"
"9005503";"ru";"36.30";"1";"Все";"0"
"9005512";"ru";"54.34";"1";"Все";"0"
"9005521";"ru";"69.08";"1";"Все";"0"
"9005204";"ru";"57.75";"1";"Все";"0"
"9005213";"ru";"113.30";"1";"Все";"0"
"9005222";"ru";"208.45";"1";"Все";"0"
"9005702";"ru";"257.40";"1";"Все";"0"
"9005711";"ru";"416.90";"1";"Все";"0"
"9005721";"ru";"332.20";"1";"Все";"0"
"9005757";"ru";"242.00";"1";"Все";"0"
"9005766";"ru";"388.30";"1";"Все";"0"
"9005775";"ru";"309.10";"1";"Все";"0"
"9005803";"ru";"170.50";"1";"Все";"0"
"9005811";"ru";"206.80";"1";"Все";"0"
"9005829";"ru";"183.70";"1";"Все";"0"
"9005856";"ru";"227.70";"1";"Все";"0"
"9005865";"ru";"365.20";"1";"Все";"0"
"9005874";"ru";"300.30";"1";"Все";"0"
"5406814";"ru";"2109.03";"1";"Все";"0"
"5406823";"ru";"2721.18";"1";"Все";"0"
"5406834";"ru";"1403.38";"1";"Все";"0"
"5406844";"ru";"3988.27";"1";"Все";"0"
"5406854";"ru";"3900.49";"1";"Все";"0"
"5406864";"ru";"4555.32";"1";"Все";"0"
"9006011";"ru";"94.71";"1";"Все";"0"
"9006062";"ru";"230.01";"1";"Все";"0"
"9006021";"ru";"218.68";"1";"Все";"0"
"9006031";"ru";"412.39";"1";"Все";"0"
"9006041";"ru";"618.64";"1";"Все";"0"
"9006051";"ru";"825.99";"1";"Все";"0"
"6857900";"ru";"696.52";"1";"Все";"0"
"6857910";"ru";"340.78";"1";"Все";"0"
"6857920";"ru";"1041.81";"1";"Все";"0"
"6857930";"ru";"1889.58";"1";"Все";"0"
"5000592";"ru";"222.64";"1";"Все";"0"
"5000602";"ru";"283.36";"1";"Все";"0"
"9316939";"ru";"352.33";"1";"Все";"0"
"9316948";"ru";"427.35";"1";"Все";"0"
"9316957";"ru";"487.41";"1";"Все";"0"
"9316966";"ru";"502.48";"1";"Все";"0"
"9316984";"ru";"708.07";"1";"Все";"0"
"9318143";"ru";"1449.58";"1";"Все";"0"
"9318152";"ru";"1709.40";"1";"Все";"0"
"9318161";"ru";"2044.35";"1";"Все";"0"
"9318081";"ru";"278.41";"1";"Все";"0"
"9318107";"ru";"347.71";"1";"Все";"0"
"9318125";"ru";"406.56";"1";"Все";"0"
"9317957";"ru";"502.48";"1";"Все";"0"
"9311533";"ru";"94.71";"1";"Все";"0"
"9311542";"ru";"115.50";"1";"Все";"0"
"9311552";"ru";"140.91";"1";"Все";"0"
"9311560";"ru";"184.80";"1";"Все";"0"
"9311570";"ru";"220.66";"1";"Все";"0"
"9311589";"ru";"295.68";"1";"Все";"0"
"9311801";"ru";"266.86";"1";"Все";"0"
"9311811";"ru";"270.27";"1";"Все";"0"
"9311821";"ru";"278.41";"1";"Все";"0"
"9311831";"ru";"294.58";"1";"Все";"0"
"9311851";"ru";"261.03";"1";"Все";"0"
"9311861";"ru";"274.89";"1";"Все";"0"
"9311871";"ru";"284.13";"1";"Все";"0"
"9311881";"ru";"294.58";"1";"Все";"0"
"9311104";"ru";"219.45";"1";"Все";"0"
"9311113";"ru";"259.93";"1";"Все";"0"
"9311122";"ru";"301.51";"1";"Все";"0"
"9311131";"ru";"337.26";"1";"Все";"0"
"9311142";"ru";"404.25";"1";"Все";"0"
"9311150";"ru";"452.76";"1";"Все";"0"
"9311169";"ru";"555.61";"1";"Все";"0"
"9311178";"ru";"597.19";"1";"Все";"0"
"9312902";"ru";"62.37";"1";"Все";"0"
"9312911";"ru";"73.92";"1";"Все";"0"
"9312929";"ru";"91.30";"1";"Все";"0"
"9312938";"ru";"115.50";"1";"Все";"0"
"9312947";"ru";"138.60";"1";"Все";"0"
"9312956";"ru";"202.18";"1";"Все";"0"
"9312836";"ru";"467.83";"1";"Все";"0"
"9312845";"ru";"578.71";"1";"Все";"0"
"9312854";"ru";"739.20";"1";"Все";"0"
"9313211";"ru";"36.30";"1";"Все";"0"
"9313221";"ru";"48.40";"1";"Все";"0"
"9313231";"ru";"58.08";"1";"Все";"0"
"9313241";"ru";"62.92";"1";"Все";"0"
"6042107";"ru";"191.18";"1";"Все";"0"
"9316539";"ru";"174.46";"1";"Все";"0"
"9316548";"ru";"205.59";"1";"Все";"0"
"9316557";"ru";"218.35";"1";"Все";"0"
"9316566";"ru";"244.86";"1";"Все";"0"
"9316637";"ru";"186.01";"1";"Все";"0"
"9316646";"ru";"192.94";"1";"Все";"0"
"9316655";"ru";"241.45";"1";"Все";"0"
"9316664";"ru";"336.16";"1";"Все";"0"
"9315744";"ru";"438.46";"1";"Все";"0"
"9315735";"ru";"548.35";"1";"Все";"0"
"9315753";"ru";"699.05";"1";"Все";"0"
"9325315";"ru";"1671.34";"1";"Все";"0"
"9325325";"ru";"1671.34";"1";"Все";"0"
"9325335";"ru";"1671.34";"1";"Все";"0"
"9325345";"ru";"1671.34";"1";"Все";"0"
"9325355";"ru";"1671.34";"1";"Все";"0"
"3323346";"ru";"774.40";"1";"Все";"0"
"3323355";"ru";"889.90";"1";"Все";"0"
"3323364";"ru";"1016.40";"1";"Все";"0"
"3323373";"ru";"1186.90";"1";"Все";"0"
"3323382";"ru";"1530.10";"1";"Все";"0"
"3359351";"ru";"2423.52";"1";"Все";"0"
"3359360";"ru";"2553.76";"1";"Все";"0"
"3359379";"ru";"3031.93";"1";"Все";"0"
"3359388";"ru";"4120.71";"1";"Все";"0"
"3353605";"ru";"1267.86";"1";"Все";"0"
"3327390";"ru";"47.63";"1";"Все";"0"
"3327400";"ru";"67.98";"1";"Все";"0"
"3327410";"ru";"82.72";"1";"Все";"0"
"3327420";"ru";"95.15";"1";"Все";"0"
"3327430";"ru";"106.48";"1";"Все";"0"
"3327440";"ru";"122.32";"1";"Все";"0"
"3327450";"ru";"153.01";"1";"Все";"0"
"3327000";"ru";"40.81";"1";"Все";"0"
"3327100";"ru";"61.16";"1";"Все";"0"
"3327110";"ru";"73.70";"1";"Все";"0"
"3327120";"ru";"83.82";"1";"Все";"0"
"3327130";"ru";"92.95";"1";"Все";"0"
"3327140";"ru";"103.07";"1";"Все";"0"
"3327150";"ru";"117.81";"1";"Все";"0"
"3390001";"ru";"2650.12";"1";"Все";"0"
"3390011";"ru";"4280.43";"1";"Все";"0"
"3390021";"ru";"5437.30";"1";"Все";"0"
"3390031";"ru";"6872.80";"1";"Все";"0"
"3390041";"ru";"8472.53";"1";"Все";"0"
"3390582";"ru";"9879.76";"1";"Все";"0"
"3390592";"ru";"11139.70";"1";"Все";"0"
"3390602";"ru";"14631.54";"1";"Все";"0"
"3390831";"ru";"1688.17";"1";"Все";"0"
"3390841";"ru";"3592.71";"1";"Все";"0"
"3390851";"ru";"4575.01";"1";"Все";"0"
"3390861";"ru";"5204.98";"1";"Все";"0"
"3390871";"ru";"6662.04";"1";"Все";"0"
"3390881";"ru";"3589.30";"1";"Все";"0"
"3390891";"ru";"4572.81";"1";"Все";"0"
"3390901";"ru";"5203.88";"1";"Все";"0"
"3390911";"ru";"6000.39";"1";"Все";"0"
"3390921";"ru";"3471.49";"1";"Все";"0"
"3390931";"ru";"4580.73";"1";"Все";"0"
"3390941";"ru";"5220.82";"1";"Все";"0"
"9320431";"ru";"323.40";"1";"Все";"0"
"9320451";"ru";"349.80";"1";"Все";"0"
"9320471";"ru";"366.30";"1";"Все";"0"
"9320481";"ru";"1512.50";"1";"Все";"0"
"9320491";"ru";"1368.62";"1";"Все";"0"
"9320501";"ru";"1284.80";"1";"Все";"0"
"9320511";"ru";"1071.84";"1";"Все";"0"
"9402657";"ru";"352.33";"1";"Все";"0"
"9402666";"ru";"370.81";"1";"Все";"0"
"9402675";"ru";"386.98";"1";"Все";"0"
"9324832";"ru";"63.26";"99";"Все";"0"
"9324841";"ru";"73.46";"99";"Все";"0"
"9324851";"ru";"89.69";"99";"Все";"0"
"9324861";"ru";"100.98";"99";"Все";"0"
"9324871";"ru";"74.25";"99";"Все";"0"
"9324881";"ru";"86.13";"99";"Все";"0"
"9324891";"ru";"104.94";"99";"Все";"0"
"9324901";"ru";"117.81";"99";"Все";"0"
"9324671";"ru";"74.25";"99";"Все";"0"
"9324681";"ru";"86.13";"99";"Все";"0"
"9324691";"ru";"104.94";"99";"Все";"0"
"9324701";"ru";"117.81";"99";"Все";"0"
"9324601";"ru";"350.76";"99";"Все";"0"
"9324731";"ru";"349.77";"99";"Все";"0"
"9324741";"ru";"430.35";"99";"Все";"0"
"9324371";"ru";"1779.43";"99";"Все";"0"
"9324381";"ru";"2170.97";"99";"Все";"0"
"9324391";"ru";"2633.90";"99";"Все";"0"
"9324520";"ru";"559.85";"99";"Все";"0"
"9324411";"ru";"63.26";"99";"Все";"0"
"9324422";"ru";"73.46";"99";"Все";"0"
"9324432";"ru";"89.69";"99";"Все";"0"
"9324442";"ru";"100.98";"99";"Все";"0"
"9324451";"ru";"117.32";"99";"Все";"0"
"9324461";"ru";"250.87";"99";"Все";"0"
"9324471";"ru";"298.78";"99";"Все";"0"
"9324481";"ru";"359.96";"99";"Все";"0"
"9324491";"ru";"442.53";"99";"Все";"0"
"9324501";"ru";"558.76";"99";"Все";"0"
"9316217";"ru";"16.34";"99";"Все";"0"
"9316235";"ru";"21.38";"99";"Все";"0"
"9316244";"ru";"23.46";"99";"Все";"0"
"9316253";"ru";"28.51";"99";"Все";"0"
"9316262";"ru";"43.86";"99";"Все";"0"
"3101335";"ru";"320.17";"99";"Все";"0"
"3101344";"ru";"439.76";"99";"Все";"0"
"3030402";"ru";"15.64";"99";"Все";"0"
"3030411";"ru";"16.63";"99";"Все";"0"
"3030429";"ru";"19.80";"99";"Все";"0"
"3030438";"ru";"21.88";"99";"Все";"0"
"3030447";"ru";"28.12";"99";"Все";"0"
"3031401";"ru";"129.99";"99";"Все";"0"
"3031419";"ru";"174.64";"99";"Все";"0"
"3031428";"ru";"190.28";"99";"Все";"0"
"3031437";"ru";"226.61";"99";"Все";"0"
"3031446";"ru";"305.61";"99";"Все";"0"
"3031614";"ru";"669.44";"99";"Все";"0"
"3031623";"ru";"796.26";"99";"Все";"0"
"3031632";"ru";"978.22";"99";"Все";"0"
"3031641";"ru";"1245.32";"99";"Все";"0"
"9325411";"ru";"359.67";"99";"Все";"0"
"9325420";"ru";"484.41";"99";"Все";"0"
"9325439";"ru";"642.41";"99";"Все";"0"
"9325448";"ru";"967.82";"99";"Все";"0"
"9325457";"ru";"1197.50";"99";"Все";"0"
"9325466";"ru";"1608.16";"99";"Все";"0"
"4271104";"ru";"121.67";"99";"Все";"0"
"4271114";"ru";"147.61";"99";"Все";"0"
"4271124";"ru";"348.28";"99";"Все";"0"
"4271134";"ru";"462.63";"99";"Все";"0"
"4271144";"ru";"586.28";"99";"Все";"0"
"4271154";"ru";"703.79";"99";"Все";"0"
"4271464";"ru";"333.73";"99";"Все";"0"
"4271474";"ru";"422.04";"99";"Все";"0"
"4271484";"ru";"438.67";"99";"Все";"0"
"4272112";"ru";"20.79";"99";"Все";"0"
"4272134";"ru";"112.27";"99";"Все";"0"
"4272144";"ru";"123.75";"99";"Все";"0"
"4272611";"ru";"742.20";"99";"Все";"0"
"4272534";"ru";"520.84";"99";"Все";"0"
"4272544";"ru";"926.24";"99";"Все";"0"
"9005301";"ru";"45.94";"99";"Все";"0"
"9005311";"ru";"74.45";"99";"Все";"0"
"9005329";"ru";"131.57";"99";"Все";"0"
"9005007";"ru";"44.85";"99";"Все";"0"
"9005014";"ru";"72.37";"99";"Все";"0"
"9005025";"ru";"123.35";"99";"Все";"0"
"9005503";"ru";"32.67";"99";"Все";"0"
"9005512";"ru";"48.91";"99";"Все";"0"
"9005521";"ru";"62.17";"99";"Все";"0"
"9005204";"ru";"51.98";"99";"Все";"0"
"9005213";"ru";"101.97";"99";"Все";"0"
"9005222";"ru";"187.61";"99";"Все";"0"
"9005702";"ru";"231.66";"99";"Все";"0"
"9005711";"ru";"375.21";"99";"Все";"0"
"9005721";"ru";"298.98";"99";"Все";"0"
"9005757";"ru";"217.80";"99";"Все";"0"
"9005766";"ru";"349.47";"99";"Все";"0"
"9005775";"ru";"278.19";"99";"Все";"0"
"9005803";"ru";"153.45";"99";"Все";"0"
"9005811";"ru";"186.12";"99";"Все";"0"
"9005829";"ru";"165.33";"99";"Все";"0"
"9005856";"ru";"204.93";"99";"Все";"0"
"9005865";"ru";"328.68";"99";"Все";"0"
"9005874";"ru";"270.27";"99";"Все";"0"
"5406814";"ru";"1898.13";"99";"Все";"0"
"5406823";"ru";"2449.06";"99";"Все";"0"
"5406834";"ru";"1263.04";"99";"Все";"0"
"5406844";"ru";"3589.44";"99";"Все";"0"
"5406854";"ru";"3510.44";"99";"Все";"0"
"5406864";"ru";"4099.79";"99";"Все";"0"
"9006011";"ru";"85.24";"99";"Все";"0"
"9006062";"ru";"207.01";"99";"Все";"0"
"9006021";"ru";"196.81";"99";"Все";"0"
"9006031";"ru";"371.15";"99";"Все";"0"
"9006041";"ru";"556.78";"99";"Все";"0"
"9006051";"ru";"743.39";"99";"Все";"0"
"6857900";"ru";"626.87";"99";"Все";"0"
"6857910";"ru";"306.70";"99";"Все";"0"
"6857920";"ru";"937.63";"99";"Все";"0"
"6857930";"ru";"1700.62";"99";"Все";"0"
"5000592";"ru";"200.38";"99";"Все";"0"
"5000602";"ru";"255.02";"99";"Все";"0"
"9316939";"ru";"317.10";"99";"Все";"0"
"9316948";"ru";"384.62";"99";"Все";"0"
"9316957";"ru";"438.67";"99";"Все";"0"
"9316966";"ru";"452.23";"99";"Все";"0"
"9316984";"ru";"637.26";"99";"Все";"0"
"9318143";"ru";"1304.62";"99";"Все";"0"
"9318152";"ru";"1538.46";"99";"Все";"0"
"9318161";"ru";"1839.92";"99";"Все";"0"
"9318081";"ru";"250.57";"99";"Все";"0"
"9318107";"ru";"312.94";"99";"Все";"0"
"9318125";"ru";"365.90";"99";"Все";"0"
"9317957";"ru";"452.23";"99";"Все";"0"
"9311533";"ru";"85.24";"99";"Все";"0"
"9311542";"ru";"103.95";"99";"Все";"0"
"9311552";"ru";"126.82";"99";"Все";"0"
"9311560";"ru";"166.32";"99";"Все";"0"
"9311570";"ru";"198.59";"99";"Все";"0"
"9311589";"ru";"266.11";"99";"Все";"0"
"9311801";"ru";"240.17";"99";"Все";"0"
"9311811";"ru";"243.24";"99";"Все";"0"
"9311821";"ru";"250.57";"99";"Все";"0"
"9311831";"ru";"265.12";"99";"Все";"0"
"9311851";"ru";"234.93";"99";"Все";"0"
"9311861";"ru";"247.40";"99";"Все";"0"
"9311871";"ru";"255.72";"99";"Все";"0"
"9311881";"ru";"265.12";"99";"Все";"0"
"9311104";"ru";"197.51";"99";"Все";"0"
"9311113";"ru";"233.94";"99";"Все";"0"
"9311122";"ru";"271.36";"99";"Все";"0"
"9311131";"ru";"303.53";"99";"Все";"0"
"9311142";"ru";"363.83";"99";"Все";"0"
"9311150";"ru";"407.48";"99";"Все";"0"
"9311169";"ru";"500.05";"99";"Все";"0"
"9311178";"ru";"537.47";"99";"Все";"0"
"9312902";"ru";"56.13";"99";"Все";"0"
"9312911";"ru";"66.53";"99";"Все";"0"
"9312929";"ru";"82.17";"99";"Все";"0"
"9312938";"ru";"103.95";"99";"Все";"0"
"9312947";"ru";"124.74";"99";"Все";"0"
"9312956";"ru";"181.96";"99";"Все";"0"
"9312836";"ru";"421.05";"99";"Все";"0"
"9312845";"ru";"520.84";"99";"Все";"0"
"9312854";"ru";"665.28";"99";"Все";"0"
"9313211";"ru";"32.67";"99";"Все";"0"
"9313221";"ru";"43.56";"99";"Все";"0"
"9313231";"ru";"52.27";"99";"Все";"0"
"9313241";"ru";"56.63";"99";"Все";"0"
"6042107";"ru";"172.06";"99";"Все";"0"
"9316539";"ru";"157.01";"99";"Все";"0"
"9316548";"ru";"185.03";"99";"Все";"0"
"9316557";"ru";"196.52";"99";"Все";"0"
"9316566";"ru";"220.37";"99";"Все";"0"
"9316637";"ru";"167.41";"99";"Все";"0"
"9316646";"ru";"173.65";"99";"Все";"0"
"9316655";"ru";"217.31";"99";"Все";"0"
"9316664";"ru";"302.54";"99";"Все";"0"
"9315744";"ru";"394.61";"99";"Все";"0"
"9315735";"ru";"493.52";"99";"Все";"0"
"9315753";"ru";"629.15";"99";"Все";"0"
"9325315";"ru";"1504.21";"99";"Все";"0"
"9325325";"ru";"1504.21";"99";"Все";"0"
"9325335";"ru";"1504.21";"99";"Все";"0"
"9325345";"ru";"1504.21";"99";"Все";"0"
"9325355";"ru";"1504.21";"99";"Все";"0"
"3323346";"ru";"696.96";"99";"Все";"0"
"3323355";"ru";"800.91";"99";"Все";"0"
"3323364";"ru";"914.76";"99";"Все";"0"
"3323373";"ru";"1068.21";"99";"Все";"0"
"3323382";"ru";"1377.09";"99";"Все";"0"
"3359351";"ru";"2181.17";"99";"Все";"0"
"3359360";"ru";"2298.38";"99";"Все";"0"
"3359379";"ru";"2728.74";"99";"Все";"0"
"3359388";"ru";"3708.64";"99";"Все";"0"
"3353605";"ru";"1141.07";"99";"Все";"0"
"3327390";"ru";"42.87";"99";"Все";"0"
"3327400";"ru";"61.18";"99";"Все";"0"
"3327410";"ru";"74.45";"99";"Все";"0"
"3327420";"ru";"85.64";"99";"Все";"0"
"3327430";"ru";"95.83";"99";"Все";"0"
"3327440";"ru";"110.09";"99";"Все";"0"
"3327450";"ru";"137.71";"99";"Все";"0"
"3327000";"ru";"36.73";"99";"Все";"0"
"3327100";"ru";"55.04";"99";"Все";"0"
"3327110";"ru";"66.33";"99";"Все";"0"
"3327120";"ru";"75.44";"99";"Все";"0"
"3327130";"ru";"83.66";"99";"Все";"0"
"3327140";"ru";"92.76";"99";"Все";"0"
"3327150";"ru";"106.03";"99";"Все";"0"
"3390001";"ru";"2385.11";"99";"Все";"0"
"3390011";"ru";"3852.39";"99";"Все";"0"
"3390021";"ru";"4893.57";"99";"Все";"0"
"3390031";"ru";"6185.52";"99";"Все";"0"
"3390041";"ru";"7625.28";"99";"Все";"0"
"3390582";"ru";"8891.78";"99";"Все";"0"
"3390592";"ru";"10025.73";"99";"Все";"0"
"3390602";"ru";"13168.39";"99";"Все";"0"
"3390831";"ru";"1519.35";"99";"Все";"0"
"3390841";"ru";"3233.44";"99";"Все";"0"
"3390851";"ru";"4117.51";"99";"Все";"0"
"3390861";"ru";"4684.48";"99";"Все";"0"
"3390871";"ru";"5995.84";"99";"Все";"0"
"3390881";"ru";"3230.37";"99";"Все";"0"
"3390891";"ru";"4115.53";"99";"Все";"0"
"3390901";"ru";"4683.49";"99";"Все";"0"
"3390911";"ru";"5400.35";"99";"Все";"0"
"3390921";"ru";"3124.34";"99";"Все";"0"
"3390931";"ru";"4122.66";"99";"Все";"0"
"3390941";"ru";"4698.74";"99";"Все";"0"
"9320431";"ru";"291.06";"99";"Все";"0"
"9320451";"ru";"314.82";"99";"Все";"0"
"9320471";"ru";"329.67";"99";"Все";"0"
"9320481";"ru";"1361.25";"99";"Все";"0"
"9320491";"ru";"1231.76";"99";"Все";"0"
"9320501";"ru";"1156.32";"99";"Все";"0"
"9320511";"ru";"964.66";"99";"Все";"0"
"9402657";"ru";"317.10";"99";"Все";"0"
"9402666";"ru";"333.73";"99";"Все";"0"
"9402675";"ru";"348.28";"99";"Все";"0"
"proba294";"ru";"676.20";"1";"Все";"0"
"proba295";"ru";"354.45";"1";"Все";"0"
"proba296";"ru";"600.00";"1";"Все";"0"
"proba297";"ru";"489.20";"1";"Все";"0"
"proba298";"ru";"469.30";"1";"Все";"0"
"proba299";"ru";"865.35";"1";"Все";"0"
"proba300";"ru";"970.00";"1";"Все";"0"
"proba301";"ru";"981.50";"1";"Все";"0"
"proba302";"ru";"2986.90";"1";"Все";"0"
"proba303";"ru";"4148.50";"1";"Все";"0"
"proba304";"ru";"1017.75";"1";"Все";"0"
"proba305";"ru";"11166.30";"1";"Все";"0"
"proba306";"ru";"113.82";"1";"Все";"0"
"proba307";"ru";"93.96";"1";"Все";"0"
"proba308";"ru";"93.96";"1";"Все";"0"
"proba309";"ru";"128.17";"1";"Все";"0"
"proba310";"ru";"189.29";"1";"Все";"0"
"proba311";"ru";"275.66";"1";"Все";"0"
"proba312";"ru";"90.39";"1";"Все";"0"
"proba313";"ru";"80.50";"1";"Все";"0"
"proba314";"ru";"351.21";"1";"Все";"0"
"proba315";"ru";"319.01";"1";"Все";"0"
"proba316";"ru";"100.28";"1";"Все";"0"
"proba317";"ru";"161.12";"1";"Все";"0"
"proba318";"ru";"222.41";"1";"Все";"0"
"proba319";"ru";"111.21";"1";"Все";"0"
"proba320";"ru";"156.40";"1";"Все";"0"
"proba321";"ru";"469.43";"1";"Все";"0"
"proba322";"ru";"497.03";"1";"Все";"0"
"proba323";"ru";"83.26";"1";"Все";"0"
"proba324";"ru";"89.13";"1";"Все";"0"
"proba325";"ru";"221.72";"1";"Все";"0"
"proba326";"ru";"359.38";"1";"Все";"0"
"proba327";"ru";"92.00";"1";"Все";"0"
"proba328";"ru";"147.66";"1";"Все";"0"
"proba329";"ru";"48.88";"1";"Все";"0"
"proba330";"ru";"48.82";"1";"Все";"0"
"proba331";"ru";"37.72";"1";"Все";"0"
"proba332";"ru";"105.23";"1";"Все";"0"
"proba333";"ru";"22.60";"1";"Все";"0"
"proba334";"ru";"21.28";"1";"Все";"0"
"proba335";"ru";"72.34";"1";"Все";"0"
"proba336";"ru";"33.29";"1";"Все";"0"
"proba337";"ru";"21.28";"1";"Все";"0"
"proba338";"ru";"28.18";"1";"Все";"0"
"proba339";"ru";"7949.00";"1";"Все";"0"
"proba340";"ru";"24235.00";"1";"Все";"0"
"proba341";"ru";"9141.12";"1";"Все";"0"
"proba342";"ru";"8954.80";"1";"Все";"0"
"proba343";"ru";"15040.00";"1";"Все";"0"
"proba344";"ru";"1811.25";"1";"Все";"0"
"proba345";"ru";"1811.25";"1";"Все";"0"
"proba346";"ru";"1811.25";"1";"Все";"0"
"proba347";"ru";"1811.25";"1";"Все";"0"
"proba348";"ru";"170.50";"1";"Все";"0"
"proba349";"ru";"170.50";"1";"Все";"0"
"proba350";"ru";"226.90";"1";"Все";"0"
"proba351";"ru";"222.50";"1";"Все";"0"
"proba352";"ru";"211.55";"1";"Все";"0"
"proba353";"ru";"170.00";"1";"Все";"0"
"proba354";"ru";"424.05";"1";"Все";"0"
"proba355";"ru";"695.75";"1";"Все";"0"
"proba356";"ru";"695.75";"1";"Все";"0"
"proba357";"ru";"695.75";"1";"Все";"0"
"proba358";"ru";"406.80";"1";"Все";"0"
"proba359";"ru";"223.65";"1";"Все";"0"
"proba360";"ru";"357.42";"1";"Все";"0"
"proba361";"ru";"223.65";"1";"Все";"0"
"proba362";"ru";"223.65";"1";"Все";"0"
"proba363";"ru";"357.45";"1";"Все";"0"
"proba364";"ru";"322.00";"1";"Все";"0"
"proba365";"ru";"577.85";"1";"Все";"0"
"proba366";"ru";"322.00";"1";"Все";"0"
"proba367";"ru";"577.85";"1";"Все";"0"
"proba368";"ru";"300.45";"1";"Все";"0"
"proba369";"ru";"514.65";"1";"Все";"0"
"proba370";"ru";"300.45";"1";"Все";"0"
"proba371";"ru";"514.65";"1";"Все";"0"
"proba372";"ru";"428.35";"1";"Все";"0"
"proba373";"ru";"770.50";"1";"Все";"0"
"proba374";"ru";"375.20";"1";"Все";"0"
"proba375";"ru";"674.20";"1";"Все";"0"
"proba376";"ru";"375.20";"1";"Все";"0"
"proba377";"ru";"674.20";"1";"Все";"0"
"proba378";"ru";"197.65";"1";"Все";"0"
"proba379";"ru";"260.50";"1";"Все";"0"
"proba380";"ru";"271.80";"1";"Все";"0"
"proba381";"ru";"280.00";"1";"Все";"0"
"proba382";"ru";"311.40";"1";"Все";"0"
"proba383";"ru";"339.80";"1";"Все";"0"
"proba384";"ru";"373.70";"1";"Все";"0"
"proba385";"ru";"415.25";"1";"Все";"0"
"proba386";"ru";"495.35";"1";"Все";"0"
"proba387";"ru";"505.00";"1";"Все";"0"
"proba388";"ru";"577.55";"1";"Все";"0"
"proba389";"ru";"735.60";"1";"Все";"0"
"proba390";"ru";"796.00";"1";"Все";"0"
"proba391";"ru";"181.20";"1";"Все";"0"
"proba392";"ru";"219.60";"1";"Все";"0"
"proba393";"ru";"249.15";"1";"Все";"0"
"proba394";"ru";"242.20";"1";"Все";"0"
"proba395";"ru";"263.60";"1";"Все";"0"
"proba396";"ru";"283.15";"1";"Все";"0"
"proba397";"ru";"296.50";"1";"Все";"0"
"proba398";"ru";"329.40";"1";"Все";"0"
"proba399";"ru";"417.25";"1";"Все";"0"
"proba400";"ru";"464.30";"1";"Все";"0"
"proba401";"ru";"475.65";"1";"Все";"0"
"proba402";"ru";"537.95";"1";"Все";"0"
"proba403";"ru";"631.40";"1";"Все";"0"
"proba404";"ru";"650.20";"1";"Все";"0"
"proba294";"ru";"588.00";"99";"Все";"0"
"proba295";"ru";"308.20";"99";"Все";"0"
"proba296";"ru";"521.70";"99";"Все";"0"
"proba297";"ru";"425.40";"99";"Все";"0"
"proba298";"ru";"408.10";"99";"Все";"0"
"proba299";"ru";"752.50";"99";"Все";"0"
"proba300";"ru";"843.50";"99";"Все";"0"
"proba301";"ru";"853.50";"99";"Все";"0"
"proba302";"ru";"2597.30";"99";"Все";"0"
"proba303";"ru";"3607.40";"99";"Все";"0"
"proba304";"ru";"885.00";"99";"Все";"0"
"proba305";"ru";"9709.85";"99";"Все";"0"
"proba306";"ru";"98.97";"99";"Все";"0"
"proba307";"ru";"81.70";"99";"Все";"0"
"proba308";"ru";"81.70";"99";"Все";"0"
"proba309";"ru";"111.45";"99";"Все";"0"
"proba310";"ru";"164.60";"99";"Все";"0"
"proba311";"ru";"239.70";"99";"Все";"0"
"proba312";"ru";"78.60";"99";"Все";"0"
"proba313";"ru";"70.00";"99";"Все";"0"
"proba314";"ru";"305.40";"99";"Все";"0"
"proba315";"ru";"277.40";"99";"Все";"0"
"proba316";"ru";"87.20";"99";"Все";"0"
"proba317";"ru";"140.10";"99";"Все";"0"
"proba318";"ru";"193.40";"99";"Все";"0"
"proba319";"ru";"96.70";"99";"Все";"0"
"proba320";"ru";"136.00";"99";"Все";"0"
"proba321";"ru";"408.20";"99";"Все";"0"
"proba322";"ru";"432.20";"99";"Все";"0"
"proba323";"ru";"72.40";"99";"Все";"0"
"proba324";"ru";"77.50";"99";"Все";"0"
"proba325";"ru";"192.80";"99";"Все";"0"
"proba326";"ru";"312.50";"99";"Все";"0"
"proba327";"ru";"80.00";"99";"Все";"0"
"proba328";"ru";"128.40";"99";"Все";"0"
"proba329";"ru";"42.50";"99";"Все";"0"
"proba330";"ru";"42.45";"99";"Все";"0"
"proba331";"ru";"32.80";"99";"Все";"0"
"proba332";"ru";"91.50";"99";"Все";"0"
"proba333";"ru";"19.65";"99";"Все";"0"
"proba334";"ru";"18.50";"99";"Все";"0"
"proba335";"ru";"62.90";"99";"Все";"0"
"proba336";"ru";"28.95";"99";"Все";"0"
"proba337";"ru";"18.50";"99";"Все";"0"
"proba338";"ru";"24.50";"99";"Все";"0"
"proba339";"ru";"6912.00";"99";"Все";"0"
"proba340";"ru";"21073.92";"99";"Все";"0"
"proba341";"ru";"7948.80";"99";"Все";"0"
"proba342";"ru";"7786.80";"99";"Все";"0"
"proba343";"ru";"13080.00";"99";"Все";"0"
"proba344";"ru";"1575.00";"99";"Все";"0"
"proba345";"ru";"1575.00";"99";"Все";"0"
"proba346";"ru";"1270.50";"99";"Все";"0"
"proba347";"ru";"1270.50";"99";"Все";"0"
"proba348";"ru";"148.00";"99";"Все";"0"
"proba349";"ru";"148.00";"99";"Все";"0"
"proba350";"ru";"197.30";"99";"Все";"0"
"proba351";"ru";"193.46";"99";"Все";"0"
"proba352";"ru";"183.95";"99";"Все";"0"
"proba353";"ru";"147.80";"99";"Все";"0"
"proba354";"ru";"368.75";"99";"Все";"0"
"proba355";"ru";"605.00";"99";"Все";"0"
"proba356";"ru";"605.00";"99";"Все";"0"
"proba357";"ru";"605.00";"99";"Все";"0"
"proba358";"ru";"353.75";"99";"Все";"0"
"proba359";"ru";"194.50";"99";"Все";"0"
"proba360";"ru";"310.80";"99";"Все";"0"
"proba361";"ru";"194.50";"99";"Все";"0"
"proba362";"ru";"194.50";"99";"Все";"0"
"proba363";"ru";"310.80";"99";"Все";"0"
"proba364";"ru";"280.00";"99";"Все";"0"
"proba365";"ru";"502.50";"99";"Все";"0"
"proba366";"ru";"280.00";"99";"Все";"0"
"proba367";"ru";"502.50";"99";"Все";"0"
"proba368";"ru";"261.25";"99";"Все";"0"
"proba369";"ru";"447.50";"99";"Все";"0"
"proba370";"ru";"261.25";"99";"Все";"0"
"proba371";"ru";"447.50";"99";"Все";"0"
"proba372";"ru";"372.50";"99";"Все";"0"
"proba373";"ru";"670.00";"99";"Все";"0"
"proba374";"ru";"326.25";"99";"Все";"0"
"proba375";"ru";"586.25";"99";"Все";"0"
"proba376";"ru";"326.25";"99";"Все";"0"
"proba377";"ru";"586.25";"99";"Все";"0"
"proba378";"ru";"171.85";"99";"Все";"0"
"proba379";"ru";"226.50";"99";"Все";"0"
"proba380";"ru";"236.35";"99";"Все";"0"
"proba381";"ru";"243.45";"99";"Все";"0"
"proba382";"ru";"270.80";"99";"Все";"0"
"proba383";"ru";"295.45";"99";"Все";"0"
"proba384";"ru";"324.97";"99";"Все";"0"
"proba385";"ru";"361.08";"99";"Все";"0"
"proba386";"ru";"430.75";"99";"Все";"0"
"proba387";"ru";"439.15";"99";"Все";"0"
"proba388";"ru";"502.20";"99";"Все";"0"
"proba389";"ru";"639.66";"99";"Все";"0"
"proba390";"ru";"692.17";"99";"Все";"0"
"proba391";"ru";"157.56";"99";"Все";"0"
"proba392";"ru";"190.95";"99";"Все";"0"
"proba393";"ru";"216.65";"99";"Все";"0"
"proba394";"ru";"210.58";"99";"Все";"0"
"proba395";"ru";"229.20";"99";"Все";"0"
"proba396";"ru";"246.20";"99";"Все";"0"
"proba397";"ru";"257.80";"99";"Все";"0"
"proba398";"ru";"286.40";"99";"Все";"0"
"proba399";"ru";"362.80";"99";"Все";"0"
"proba400";"ru";"403.75";"99";"Все";"0"
"proba401";"ru";"413.60";"99";"Все";"0"
"proba402";"ru";"467.80";"99";"Все";"0"
"proba403";"ru";"549.00";"99";"Все";"0"
"proba404";"ru";"635.20";"99";"Все";"0"
"proba405";"ru";"1682.08";"1";"Все";"0"
"proba406";"ru";"1584.61";"1";"Все";"0"
"proba407";"ru";"4132.98";"1";"Все";"0"
"proba408";"ru";"1625.98";"1";"Все";"0"
"proba409";"ru";"1663.37";"1";"Все";"0"
"proba410";"ru";"1625.98";"1";"Все";"0"
"proba411";"ru";"1557.82";"1";"Все";"0"
"proba412";"ru";"2862.26";"1";"Все";"0"
"proba413";"ru";"2591.96";"1";"Все";"0"
"proba414";"ru";"2143.30";"1";"Все";"0"
"proba415";"ru";"2185.73";"1";"Все";"0"
"proba416";"ru";"2062.32";"1";"Все";"0"
"proba417";"ru";"2643.80";"1";"Все";"0"
"proba418";"ru";"2926.90";"1";"Все";"0"
"proba419";"ru";"3083.48";"1";"Все";"0"
"proba420";"ru";"4804.64";"1";"Все";"0"
"proba421";"ru";"2749.82";"1";"Все";"0"
"proba422";"ru";"2083.63";"1";"Все";"0"
"proba423";"ru";"4005.32";"1";"Все";"0"
"proba424";"ru";"3108.22";"1";"Все";"0"
"proba425";"ru";"4824.35";"1";"Все";"0"
"proba426";"ru";"6069.02";"1";"Все";"0"
"proba405";"ru";"1513.87";"99";"Все";"0"
"proba406";"ru";"1426.15";"99";"Все";"0"
"proba407";"ru";"3719.68";"99";"Все";"0"
"proba408";"ru";"1463.38";"99";"Все";"0"
"proba409";"ru";"1497.03";"99";"Все";"0"
"proba410";"ru";"1463.38";"99";"Все";"0"
"proba411";"ru";"1402.03";"99";"Все";"0"
"proba412";"ru";"2576.04";"99";"Все";"0"
"proba413";"ru";"2332.77";"99";"Все";"0"
"proba414";"ru";"1928.97";"99";"Все";"0"
"proba415";"ru";"1967.16";"99";"Все";"0"
"proba416";"ru";"1856.09";"99";"Все";"0"
"proba417";"ru";"2379.42";"99";"Все";"0"
"proba418";"ru";"2634.21";"99";"Все";"0"
"proba419";"ru";"2775.14";"99";"Все";"0"
"proba420";"ru";"4324.18";"99";"Все";"0"
"proba421";"ru";"2474.84";"99";"Все";"0"
"proba422";"ru";"1875.27";"99";"Все";"0"
"proba423";"ru";"3604.79";"99";"Все";"0"
"proba424";"ru";"2797.39";"99";"Все";"0"
"proba425";"ru";"4341.91";"99";"Все";"0"
"proba426";"ru";"5462.12";"99";"Все";"0"
"2320014";"ru";"3.17";"99";"Все";"0"
"2320024";"ru";"5.25";"99";"Все";"0"
"2320034";"ru";"8.32";"99";"Все";"0"
"2320044";"ru";"17.72";"99";"Все";"0"
"2320064";"ru";"5.25";"99";"Все";"0"
"2320074";"ru";"7.33";"99";"Все";"0"
"2320084";"ru";"13.56";"99";"Все";"0"
"2320094";"ru";"28.12";"99";"Все";"0"
"2320114";"ru";"8.32";"99";"Все";"0"
"2320124";"ru";"11.48";"99";"Все";"0"
"2320134";"ru";"20.79";"99";"Все";"0"
"2320144";"ru";"42.67";"99";"Все";"0"
"2320164";"ru";"13.56";"99";"Все";"0"
"2320174";"ru";"19.80";"99";"Все";"0"
"2320184";"ru";"36.43";"99";"Все";"0"
"2320194";"ru";"71.78";"99";"Все";"0"
"4017355";"ru";"219.78";"99";"Все";"0"
"4078213";"ru";"52.67";"99";"Все";"0"
"4078233";"ru";"104.94";"99";"Все";"0"
"4078253";"ru";"172.26";"99";"Все";"0"
"4078353";"ru";"230.67";"99";"Все";"0"
"4188002";"ru";"52.67";"99";"Все";"0"
"4188022";"ru";"105.93";"99";"Все";"0"
"4188042";"ru";"172.26";"99";"Все";"0"
"4168002";"ru";"44.75";"99";"Все";"0"
"4168022";"ru";"87.12";"99";"Все";"0"
"4168042";"ru";"134.64";"99";"Все";"0"
"4188051";"ru";"314.82";"99";"Все";"0"
"9010060";"ru";"87.81";"99";"Все";"0"
"9010070";"ru";"54.05";"99";"Все";"0"
"9010001";"ru";"231.26";"99";"Все";"0"
"9010010";"ru";"329.18";"99";"Все";"0"
"9010021";"ru";"483.71";"99";"Все";"0"
"9010031";"ru";"436.19";"99";"Все";"0"
"9010041";"ru";"562.42";"99";"Все";"0"
"9010051";"ru";"951.19";"99";"Все";"0"
"9010101";"ru";"208.99";"99";"Все";"0"
"9010110";"ru";"300.47";"99";"Все";"0"
"9010121";"ru";"439.76";"99";"Все";"0"
"9010131";"ru";"391.94";"99";"Все";"0"
"9010141";"ru";"497.97";"99";"Все";"0"
"9010151";"ru";"838.93";"99";"Все";"0"
"9008911";"ru";"58.61";"99";"Все";"0"
"9008935";"ru";"121.18";"99";"Все";"0"
"9008991";"ru";"158.60";"99";"Все";"0"
"9008951";"ru";"269.68";"99";"Все";"0"
"9010080";"ru";"214.04";"99";"Все";"0"
"9010090";"ru";"180.77";"99";"Все";"0"
"9010190";"ru";"262.55";"99";"Все";"0"
"9010200";"ru";"240.37";"99";"Все";"0"
"9010210";"ru";"308.09";"99";"Все";"0"
"9010250";"ru";"407.98";"99";"Все";"0"
"9010220";"ru";"519.06";"99";"Все";"0"
"9010230";"ru";"595.88";"99";"Все";"0"
"9010240";"ru";"836.25";"99";"Все";"0"
"9999791";"ru";"57.42";"99";"Все";"0"
"4812741";"ru";"26.73";"99";"Все";"0"
"4812849";"ru";"36.63";"99";"Все";"0"
"4814142";"ru";"112.86";"99";"Все";"0"
"4814099";"ru";"86.33";"99";"Все";"0"
"4814000";"ru";"101.97";"99";"Все";"0"
"4812929";"ru";"1258.29";"99";"Все";"0"
"4812938";"ru";"1610.73";"99";"Все";"0"
"4812947";"ru";"2654.19";"99";"Все";"0"
"4812992";"ru";"2771.01";"99";"Все";"0"
"4001314";"ru";"4433.52";"99";"Все";"0"
"4812953";"ru";"3814.97";"99";"Все";"0"
"4002607";"ru";"2809.82";"99";"Все";"0"
"4561129";"ru";"192.75";"99";"Все";"0"
"4561138";"ru";"287.10";"99";"Все";"0"
"1432530";"ru";"132.86";"99";"Все";"0"
"1432130";"ru";"105.63";"99";"Все";"0"
"9968573";"ru";"1049.26";"99";"Все";"0"
"2320014";"ru";"3.52";"1";"Все";"0"
"2320024";"ru";"5.83";"1";"Все";"0"
"2320034";"ru";"9.24";"1";"Все";"0"
"2320044";"ru";"19.69";"1";"Все";"0"
"2320064";"ru";"5.83";"1";"Все";"0"
"2320074";"ru";"8.14";"1";"Все";"0"
"2320084";"ru";"15.07";"1";"Все";"0"
"2320094";"ru";"31.24";"1";"Все";"0"
"2320114";"ru";"9.24";"1";"Все";"0"
"2320124";"ru";"12.76";"1";"Все";"0"
"2320134";"ru";"23.10";"1";"Все";"0"
"2320144";"ru";"47.41";"1";"Все";"0"
"2320164";"ru";"15.07";"1";"Все";"0"
"2320174";"ru";"22.00";"1";"Все";"0"
"2320184";"ru";"40.48";"1";"Все";"0"
"2320194";"ru";"79.75";"1";"Все";"0"
"4017355";"ru";"244.20";"1";"Все";"0"
"4078213";"ru";"58.52";"1";"Все";"0"
"4078233";"ru";"116.60";"1";"Все";"0"
"4078253";"ru";"191.40";"1";"Все";"0"
"4078353";"ru";"256.30";"1";"Все";"0"
"4188002";"ru";"58.52";"1";"Все";"0"
"4188022";"ru";"117.70";"1";"Все";"0"
"4188042";"ru";"191.40";"1";"Все";"0"
"4168002";"ru";"49.72";"1";"Все";"0"
"4168022";"ru";"96.80";"1";"Все";"0"
"4168042";"ru";"149.60";"1";"Все";"0"
"4188051";"ru";"349.80";"1";"Все";"0"
"9010060";"ru";"97.57";"1";"Все";"0"
"9010070";"ru";"60.06";"1";"Все";"0"
"9010001";"ru";"256.96";"1";"Все";"0"
"9010010";"ru";"365.75";"1";"Все";"0"
"9010021";"ru";"537.46";"1";"Все";"0"
"9010031";"ru";"484.66";"1";"Все";"0"
"9010041";"ru";"624.91";"1";"Все";"0"
"9010051";"ru";"1056.88";"1";"Все";"0"
"9010101";"ru";"232.21";"1";"Все";"0"
"9010110";"ru";"333.85";"1";"Все";"0"
"9010121";"ru";"488.62";"1";"Все";"0"
"9010131";"ru";"435.49";"1";"Все";"0"
"9010141";"ru";"553.30";"1";"Все";"0"
"9010151";"ru";"932.14";"1";"Все";"0"
"9008911";"ru";"65.12";"1";"Все";"0"
"9008935";"ru";"134.64";"1";"Все";"0"
"9008991";"ru";"176.22";"1";"Все";"0"
"9008951";"ru";"299.64";"1";"Все";"0"
"9010080";"ru";"237.82";"1";"Все";"0"
"9010090";"ru";"200.86";"1";"Все";"0"
"9010190";"ru";"291.72";"1";"Все";"0"
"9010200";"ru";"267.08";"1";"Все";"0"
"9010210";"ru";"342.32";"1";"Все";"0"
"9010250";"ru";"453.31";"1";"Все";"0"
"9010220";"ru";"576.73";"1";"Все";"0"
"9010230";"ru";"662.09";"1";"Все";"0"
"9010240";"ru";"929.17";"1";"Все";"0"
"9999791";"ru";"63.80";"1";"Все";"0"
"4812741";"ru";"29.70";"1";"Все";"0"
"4812849";"ru";"40.70";"1";"Все";"0"
"4814142";"ru";"125.40";"1";"Все";"0"
"4814099";"ru";"95.92";"1";"Все";"0"
"4814000";"ru";"113.30";"1";"Все";"0"
"4812929";"ru";"1398.10";"1";"Все";"0"
"4812938";"ru";"1789.70";"1";"Все";"0"
"4812947";"ru";"2949.10";"1";"Все";"0"
"4812992";"ru";"3078.90";"1";"Все";"0"
"4001314";"ru";"4926.13";"1";"Все";"0"
"4812953";"ru";"4238.85";"1";"Все";"0"
"4002607";"ru";"3122.02";"1";"Все";"0"
"4561129";"ru";"214.17";"1";"Все";"0"
"4561138";"ru";"319.00";"1";"Все";"0"
"1432530";"ru";"147.62";"1";"Все";"0"
"1432130";"ru";"117.37";"1";"Все";"0"
"9968573";"ru";"1165.84";"1";"Все";"0"
"9425901";"ru";"2334.53";"1";"Все";"0"
"9425911";"ru";"2334.53";"1";"Все";"0"
"9425921";"ru";"2193.46";"1";"Все";"0"
"9425931";"ru";"2334.53";"1";"Все";"0"
"9425941";"ru";"2334.53";"1";"Все";"0"
"9425951";"ru";"2334.53";"1";"Все";"0"
"9425961";"ru";"2180.92";"1";"Все";"0"
"9426453";"ru";"1567.50";"1";"Все";"0"
"9426463";"ru";"1567.50";"1";"Все";"0"
"9426473";"ru";"1567.50";"1";"Все";"0"
"9426483";"ru";"1567.50";"1";"Все";"0"
"9426493";"ru";"1567.50";"1";"Все";"0"
"9426503";"ru";"1567.50";"1";"Все";"0"
"9426513";"ru";"1567.50";"1";"Все";"0"
"9426911";"ru";"2267.65";"1";"Все";"0"
"9426921";"ru";"2267.65";"1";"Все";"0"
"9426931";"ru";"2267.65";"1";"Все";"0"
"9426941";"ru";"2267.65";"1";"Все";"0"
"9426951";"ru";"2267.65";"1";"Все";"0"
"9426961";"ru";"2267.65";"1";"Все";"0"
"9426971";"ru";"2267.65";"1";"Все";"0"
"9427110";"ru";"1541.38";"1";"Все";"0"
"9427120";"ru";"1541.38";"1";"Все";"0"
"9427130";"ru";"1541.38";"1";"Все";"0"
"9427140";"ru";"1541.38";"1";"Все";"0"
"9427150";"ru";"1541.38";"1";"Все";"0"
"9427160";"ru";"1541.38";"1";"Все";"0"
"9427412";"ru";"890.34";"1";"Все";"0"
"9427422";"ru";"926.92";"1";"Все";"0"
"9427432";"ru";"890.34";"1";"Все";"0"
"9427442";"ru";"890.34";"1";"Все";"0"
"9427452";"ru";"890.34";"1";"Все";"0"
"9427462";"ru";"890.34";"1";"Все";"0"
"9427472";"ru";"890.34";"1";"Все";"0"
"9425712";"ru";"3229.05";"1";"Все";"0"
"9425722";"ru";"3229.05";"1";"Все";"0"
"9425732";"ru";"3229.05";"1";"Все";"0"
"9425742";"ru";"3229.05";"1";"Все";"0"
"9425752";"ru";"3229.05";"1";"Все";"0"
"9425762";"ru";"3229.05";"1";"Все";"0"
"9425451";"ru";"2330.35";"1";"Все";"0"
"9425461";"ru";"2330.35";"1";"Все";"0"
"9425471";"ru";"2374.24";"1";"Все";"0"
"9425481";"ru";"2374.24";"1";"Все";"0"
"9425491";"ru";"2374.24";"1";"Все";"0"
"9425501";"ru";"2330.35";"1";"Все";"0"
"9427181";"ru";"3105.74";"1";"Все";"0"
"9427191";"ru";"3107.83";"1";"Все";"0"
"9427201";"ru";"3107.83";"1";"Все";"0"
"9427211";"ru";"3107.83";"1";"Все";"0"
"9427221";"ru";"3107.83";"1";"Все";"0"
"9427231";"ru";"3105.74";"1";"Все";"0"
"9427241";"ru";"3556.14";"1";"Все";"0"
"9428801";"ru";"10813.66";"1";"Все";"0"
"9428811";"ru";"10813.66";"1";"Все";"0"
"9428821";"ru";"10813.66";"1";"Все";"0"
"9428831";"ru";"10813.66";"1";"Все";"0"
"9428841";"ru";"10813.66";"1";"Все";"0"
"9421595";"ru";"425.81";"1";"Все";"0"
"9421605";"ru";"403.17";"1";"Все";"0"
"9421615";"ru";"425.81";"1";"Все";"0"
"9421625";"ru";"425.81";"1";"Все";"0"
"9421635";"ru";"422.58";"1";"Все";"0"
"9421708";"ru";"333.10";"1";"Все";"0"
"9421718";"ru";"333.10";"1";"Все";"0"
"9421728";"ru";"333.10";"1";"Все";"0"
"9995222";"ru";"81.93";"1";"Все";"0"
"9995213";"ru";"81.93";"1";"Все";"0"
"9921310";"ru";"722.26";"1";"Все";"0"
"9921329";"ru";"722.26";"1";"Все";"0"
"9921356";"ru";"722.26";"1";"Все";"0"
"9421892";"ru";"393.47";"1";"Все";"0"
"9421902";"ru";"393.47";"1";"Все";"0"
"9421912";"ru";"393.47";"1";"Все";"0"
"9421922";"ru";"402.09";"1";"Все";"0"
"9421932";"ru";"403.17";"1";"Все";"0"
"9421953";"ru";"362.21";"1";"Все";"0"
"9421963";"ru";"508.82";"1";"Все";"0"
"9421973";"ru";"508.82";"1";"Все";"0"
"9421983";"ru";"508.82";"1";"Все";"0"
"9421993";"ru";"508.82";"1";"Все";"0"
"9422001";"ru";"543.31";"1";"Все";"0"
"9422011";"ru";"543.31";"1";"Все";"0"
"9422021";"ru";"543.31";"1";"Все";"0"
"9422031";"ru";"543.31";"1";"Все";"0"
"9422041";"ru";"543.31";"1";"Все";"0"
"9421641";"ru";"335.26";"1";"Все";"0"
"9421651";"ru";"335.26";"1";"Все";"0"
"9421661";"ru";"335.26";"1";"Все";"0"
"9421671";"ru";"335.26";"1";"Все";"0"
"9421681";"ru";"335.26";"1";"Все";"0"
"9427261";"ru";"375.14";"1";"Все";"0"
"9427281";"ru";"375.14";"1";"Все";"0"
"9427291";"ru";"404.25";"1";"Все";"0"
"9427704";"ru";"950.80";"1";"Все";"0"
"9427714";"ru";"950.80";"1";"Все";"0"
"9427724";"ru";"950.80";"1";"Все";"0"
"9422161";"ru";"455.99";"1";"Все";"0"
"9422171";"ru";"455.99";"1";"Все";"0"
"9422181";"ru";"455.99";"1";"Все";"0"
"9422111";"ru";"1433.85";"1";"Все";"0"
"9422121";"ru";"1433.85";"1";"Все";"0"
"9422131";"ru";"1433.85";"1";"Все";"0"
"9422051";"ru";"911.99";"1";"Все";"0"
"9422061";"ru";"911.99";"1";"Все";"0"
"9422071";"ru";"911.99";"1";"Все";"0"
"9422081";"ru";"911.99";"1";"Все";"0"
"9422091";"ru";"911.99";"1";"Все";"0"
"9921663";"ru";"9092.93";"1";"Все";"0"
"9921722";"ru";"5606.68";"1";"Все";"0"
"9921732";"ru";"5339.33";"1";"Все";"0"
"9921820";"ru";"6658.81";"1";"Все";"0"
"9921831";"ru";"7243.08";"1";"Все";"0"
"9921843";"ru";"7537.38";"1";"Все";"0"
"9921921";"ru";"8378.22";"1";"Все";"0"
"9921931";"ru";"8797.56";"1";"Все";"0"
"9921940";"ru";"9154.38";"1";"Все";"0"
"9921445";"ru";"5151.76";"1";"Все";"0"
"9921455";"ru";"4471.54";"1";"Все";"0"
"9921465";"ru";"4766.92";"1";"Все";"0"
"9921475";"ru";"4950.18";"1";"Все";"0"
"9921555";"ru";"5595.90";"1";"Все";"0"
"9921565";"ru";"6018.47";"1";"Все";"0"
"9921575";"ru";"6299.83";"1";"Все";"0"
"9925164";"ru";"127.40";"1";"Все";"0"
"9925174";"ru";"127.40";"1";"Все";"0"
"9925194";"ru";"127.40";"1";"Все";"0"
"9925204";"ru";"127.40";"1";"Все";"0"
"9925224";"ru";"162.78";"1";"Все";"0"
"6047052";"ru";"2915.99";"1";"Все";"0"
"9921381";"ru";"430.12";"1";"Все";"0"
"9921421";"ru";"502.35";"1";"Все";"0"
"9921431";"ru";"398.86";"1";"Все";"0"
"9925301";"ru";"429.04";"1";"Все";"0"
"9925371";"ru";"307.23";"1";"Все";"0"
"9925281";"ru";"833.29";"1";"Все";"0"
"9925941";"ru";"2920.30";"1";"Все";"0"
"9925311";"ru";"235.00";"1";"Все";"0"
"9925321";"ru";"230.69";"1";"Все";"0"
"9925331";"ru";"328.79";"1";"Все";"0"
"9925242";"ru";"2129.05";"1";"Все";"0"
"9924601";"ru";"1867.10";"1";"Все";"0"
"9924611";"ru";"1933.93";"1";"Все";"0"
"9924621";"ru";"1559.87";"1";"Все";"0"
"9924631";"ru";"1355.05";"1";"Все";"0"
"9924641";"ru";"1452.07";"1";"Все";"0"
"9924651";"ru";"455.99";"1";"Все";"0"
"9924661";"ru";"455.99";"1";"Все";"0"
"9924671";"ru";"1275.27";"1";"Все";"0"
"9924681";"ru";"1040.27";"1";"Все";"0"
"9924691";"ru";"2545.16";"1";"Все";"0"
"9924771";"ru";"2273.50";"1";"Все";"0"
"9924711";"ru";"420.42";"1";"Все";"0"
"2571352";"ru";"7504.32";"1";"Все";"0"
"2571506";"ru";"8792.60";"1";"Все";"0"
"2571592";"ru";"13912.14";"1";"Все";"0"
"2571606";"ru";"8884.70";"1";"Все";"0"
"2571623";"ru";"14718.26";"1";"Все";"0"
"2571653";"ru";"9206.50";"1";"Все";"0"
"2571662";"ru";"7372.13";"1";"Все";"0"
"2571151";"ru";"3181.16";"1";"Все";"0"
"2571202";"ru";"8306.11";"1";"Все";"0"
"2571213";"ru";"8418.80";"1";"Все";"0"
"2571552";"ru";"6159.70";"1";"Все";"0"
"2571562";"ru";"11091.79";"1";"Все";"0"
"2573183";"ru";"10345.26";"1";"Все";"0"
"2571258";"ru";"7064.42";"1";"Все";"0"
"2571263";"ru";"7676.60";"1";"Все";"0"
"2571339";"ru";"12103.78";"1";"Все";"0"
"2571283";"ru";"10563.04";"1";"Все";"0"
"2571809";"ru";"10729.90";"1";"Все";"0"
"2571323";"ru";"8716.76";"1";"Все";"0"
"2571402";"ru";"7673.35";"1";"Все";"0"
"2571413";"ru";"8276.86";"1";"Все";"0"
"2571427";"ru";"8246.52";"1";"Все";"0"
"2571455";"ru";"7343.96";"1";"Все";"0"
"2571464";"ru";"7264.87";"1";"Все";"0"
"2571703";"ru";"11372.42";"1";"Все";"0"
"2571758";"ru";"8254.10";"1";"Все";"0"
"2571936";"ru";"25552.18";"1";"Все";"0"
"2571294";"ru";"10077.63";"1";"Все";"0"
"2572102";"ru";"11905.50";"1";"Все";"0"
"2572338";"ru";"11311.74";"1";"Все";"0"
"9387231";"ru";"3061.97";"1";"Все";"0"
"2776023";"ru";"9100.32";"1";"Все";"0"
"9387062";"ru";"4876.83";"1";"Все";"0"
"9387001";"ru";"7718.85";"1";"Все";"0"
"9387051";"ru";"13522.08";"1";"Все";"0"
"9387111";"ru";"5777.22";"1";"Все";"0"
"9387201";"ru";"6790.29";"1";"Все";"0"
"9387212";"ru";"4812.91";"1";"Все";"0"
"9387251";"ru";"2221.18";"1";"Все";"0"
"9387261";"ru";"5935.41";"1";"Все";"0"
"9387271";"ru";"2300.27";"1";"Все";"0"
"9387281";"ru";"4500.86";"1";"Все";"0"
"9387291";"ru";"6609.35";"1";"Все";"0"
"9389031";"ru";"6782.71";"1";"Все";"0"
"9389041";"ru";"5031.77";"1";"Все";"0"
"9389121";"ru";"2423.79";"1";"Все";"0"
"9389131";"ru";"2654.58";"1";"Все";"0"
"9387011";"ru";"4354.59";"1";"Все";"0"
"9387021";"ru";"5628.78";"1";"Все";"0"
"9387041";"ru";"5433.75";"1";"Все";"0"
"9387071";"ru";"4903.92";"1";"Все";"0"
"9387081";"ru";"5392.58";"1";"Все";"0"
"9387091";"ru";"7587.75";"1";"Все";"0"
"9387101";"ru";"8060.16";"1";"Все";"0"
"9387131";"ru";"6610.43";"1";"Все";"0"
"9387141";"ru";"6250.71";"1";"Все";"0"
"9387151";"ru";"5180.21";"1";"Все";"0"
"9387161";"ru";"5026.36";"1";"Все";"0"
"9387171";"ru";"5067.53";"1";"Все";"0"
"9387181";"ru";"5303.73";"1";"Все";"0"
"9387191";"ru";"5232.22";"1";"Все";"0"
"9389021";"ru";"4469.44";"1";"Все";"0"
"9389051";"ru";"4862.75";"1";"Все";"0"
"9389061";"ru";"4705.64";"1";"Все";"0"
"2523088";"ru";"2039.15";"1";"Все";"0"
"2533481";"ru";"9818.68";"1";"Все";"0"
"2543323";"ru";"9650.73";"1";"Все";"0"
"2543403";"ru";"8934.54";"1";"Все";"0"
"2544323";"ru";"7887.88";"1";"Все";"0"
"2544402";"ru";"8845.69";"1";"Все";"0"
"2545323";"ru";"10809.00";"1";"Все";"0"
"2562245";"ru";"8954.04";"1";"Все";"0"
"2563356";"ru";"8540.15";"1";"Все";"0"
"2502207";"ru";"3332.85";"1";"Все";"0"
"2502243";"ru";"2728.25";"1";"Все";"0"
"2580951";"ru";"6557.34";"1";"Все";"0"
"2580961";"ru";"7701.52";"1";"Все";"0"
"2582254";"ru";"3081.47";"1";"Все";"0"
"2582663";"ru";"17198.40";"1";"Все";"0"
"2582806";"ru";"10825.25";"1";"Все";"0"
"2583004";"ru";"2743.42";"1";"Все";"0"
"2583226";"ru";"2043.48";"1";"Все";"0"
"2583235";"ru";"2659.99";"1";"Все";"0"
"2583307";"ru";"3207.16";"1";"Все";"0"
"2583481";"ru";"3616.72";"1";"Все";"0"
"2589812";"ru";"2823.60";"1";"Все";"0"
"2512204";"ru";"2940.62";"1";"Все";"0"
"2512231";"ru";"2914.62";"1";"Все";"0"
"2512259";"ru";"2645.91";"1";"Все";"0"
"2513026";"ru";"2579.81";"1";"Все";"0"
"2513052";"ru";"2117.16";"1";"Все";"0"
"2513123";"ru";"1898.29";"1";"Все";"0"
"2522231";"ru";"2794.35";"1";"Все";"0"
"2522252";"ru";"3071.72";"1";"Все";"0"
"2523025";"ru";"2661.08";"1";"Все";"0"
"2523105";"ru";"1765.02";"1";"Все";"0"
"2523123";"ru";"2031.56";"1";"Все";"0"
"2523506";"ru";"1720.60";"1";"Все";"0"
"2533076";"ru";"2178.92";"1";"Все";"0"
"2533129";"ru";"1936.21";"1";"Все";"0"
"2543075";"ru";"2831.19";"1";"Все";"0"
"2542217";"ru";"3081.47";"1";"Все";"0"
"2775001";"ru";"1305.62";"1";"Все";"0"
"2775021";"ru";"1172.35";"1";"Все";"0"
"2775061";"ru";"1299.12";"1";"Все";"0"
"2775481";"ru";"2605.82";"1";"Все";"0"
"2775031";"ru";"1462.73";"1";"Все";"0"
"2775111";"ru";"1314.29";"1";"Все";"0"
"2775432";"ru";"2649.16";"1";"Все";"0"
"2775101";"ru";"1822.45";"1";"Все";"0"
"2695832";"ru";"4137.00";"1";"Все";"0"
"2581281";"ru";"5492.26";"1";"Все";"0"
"4019253";"ru";"429.04";"1";"Все";"0"
"4019360";"ru";"684.53";"1";"Все";"0"
"4019379";"ru";"1009.01";"1";"Все";"0"
"4019413";"ru";"231.77";"1";"Все";"0"
"4019431";"ru";"448.45";"1";"Все";"0"
"4019459";"ru";"717.95";"1";"Все";"0"
"4521330";"ru";"1595.44";"1";"Все";"0"
"4521350";"ru";"2145.22";"1";"Все";"0"
"4521371";"ru";"2887.96";"1";"Все";"0"
"4521430";"ru";"1261.26";"1";"Все";"0"
"4521650";"ru";"4604.14";"1";"Все";"0"
"4522330";"ru";"1710.79";"1";"Все";"0"
"4522350";"ru";"2188.34";"1";"Все";"0"
"4522430";"ru";"2745.67";"1";"Все";"0"
"4522450";"ru";"2516.05";"1";"Все";"0"
"4532416";"ru";"1548.01";"1";"Все";"0"
"4532436";"ru";"2347.88";"1";"Все";"0"
"4532486";"ru";"1715.10";"1";"Все";"0"
"4532636";"ru";"2977.44";"1";"Все";"0"
"4535416";"ru";"2331.71";"1";"Все";"0"
"4535436";"ru";"4210.67";"1";"Все";"0"
"4542666";"ru";"3376.30";"1";"Все";"0"
"4545436";"ru";"4125.51";"1";"Все";"0"
"4700206";"ru";"3336.41";"1";"Все";"0"
"7605416";"ru";"3470.08";"1";"Все";"0"
"7605434";"ru";"3915.30";"1";"Все";"0"
"7605631";"ru";"4382.07";"1";"Все";"0"
"7615662";"ru";"6172.63";"1";"Все";"0"
"4004933";"ru";"5961.34";"1";"Все";"0"
"4511030";"ru";"2571.03";"1";"Все";"0"
"4511040";"ru";"1330.25";"1";"Все";"0"
"4511050";"ru";"1252.64";"1";"Все";"0"
"4511060";"ru";"1629.94";"1";"Все";"0"
"4511090";"ru";"4029.56";"1";"Все";"0"
"4512040";"ru";"1760.37";"1";"Все";"0"
"4512060";"ru";"1829.37";"1";"Все";"0"
"4512090";"ru";"1892.97";"1";"Все";"0"
"4822923";"ru";"1347.50";"1";"Все";"0"
"4822934";"ru";"1740.97";"1";"Все";"0"
"4822943";"ru";"2721.95";"1";"Все";"0"
"4822953";"ru";"5070.91";"1";"Все";"0"
"4822993";"ru";"3639.33";"1";"Все";"0"
"4501000";"ru";"2688.53";"1";"Все";"0"
"4501010";"ru";"2630.32";"1";"Все";"0"
"4501030";"ru";"1786.25";"1";"Все";"0"
"4502000";"ru";"3976.74";"1";"Все";"0"
"4502010";"ru";"2476.17";"1";"Все";"0"
"4502030";"ru";"2578.58";"1";"Все";"0"
"4892903";"ru";"4051.12";"1";"Все";"0"
"4892912";"ru";"4392.85";"1";"Все";"0"
"4892933";"ru";"4700.08";"1";"Все";"0"
"9425901";"ru";"2101.08";"99";"Все";"0"
"9425911";"ru";"2101.08";"99";"Все";"0"
"9425921";"ru";"1974.11";"99";"Все";"0"
"9425931";"ru";"2101.08";"99";"Все";"0"
"9425941";"ru";"2101.08";"99";"Все";"0"
"9425951";"ru";"2101.08";"99";"Все";"0"
"9425961";"ru";"1962.82";"99";"Все";"0"
"9426453";"ru";"1410.75";"99";"Все";"0"
"9426463";"ru";"1410.75";"99";"Все";"0"
"9426473";"ru";"1410.75";"99";"Все";"0"
"9426483";"ru";"1410.75";"99";"Все";"0"
"9426493";"ru";"1410.75";"99";"Все";"0"
"9426503";"ru";"1410.75";"99";"Все";"0"
"9426513";"ru";"1410.75";"99";"Все";"0"
"9426911";"ru";"2040.89";"99";"Все";"0"
"9426921";"ru";"2040.89";"99";"Все";"0"
"9426931";"ru";"2040.89";"99";"Все";"0"
"9426941";"ru";"2040.89";"99";"Все";"0"
"9426951";"ru";"2040.89";"99";"Все";"0"
"9426961";"ru";"2040.89";"99";"Все";"0"
"9426971";"ru";"2040.89";"99";"Все";"0"
"9427110";"ru";"1387.24";"99";"Все";"0"
"9427120";"ru";"1387.24";"99";"Все";"0"
"9427130";"ru";"1387.24";"99";"Все";"0"
"9427140";"ru";"1387.24";"99";"Все";"0"
"9427150";"ru";"1387.24";"99";"Все";"0"
"9427160";"ru";"1387.24";"99";"Все";"0"
"9427412";"ru";"801.31";"99";"Все";"0"
"9427422";"ru";"834.22";"99";"Все";"0"
"9427432";"ru";"801.31";"99";"Все";"0"
"9427442";"ru";"801.31";"99";"Все";"0"
"9427452";"ru";"801.31";"99";"Все";"0"
"9427462";"ru";"801.31";"99";"Все";"0"
"9427472";"ru";"801.31";"99";"Все";"0"
"9425712";"ru";"2906.15";"99";"Все";"0"
"9425722";"ru";"2906.15";"99";"Все";"0"
"9425732";"ru";"2906.15";"99";"Все";"0"
"9425742";"ru";"2906.15";"99";"Все";"0"
"9425752";"ru";"2906.15";"99";"Все";"0"
"9425762";"ru";"2906.15";"99";"Все";"0"
"9425451";"ru";"2097.32";"99";"Все";"0"
"9425461";"ru";"2097.32";"99";"Все";"0"
"9425471";"ru";"2136.82";"99";"Все";"0"
"9425481";"ru";"2136.82";"99";"Все";"0"
"9425491";"ru";"2136.82";"99";"Все";"0"
"9425501";"ru";"2097.32";"99";"Все";"0"
"9427181";"ru";"2795.17";"99";"Все";"0"
"9427191";"ru";"2797.05";"99";"Все";"0"
"9427201";"ru";"2797.05";"99";"Все";"0"
"9427211";"ru";"2797.05";"99";"Все";"0"
"9427221";"ru";"2797.05";"99";"Все";"0"
"9427231";"ru";"2795.17";"99";"Все";"0"
"9427241";"ru";"3200.52";"99";"Все";"0"
"9428801";"ru";"9732.29";"99";"Все";"0"
"9428811";"ru";"9732.29";"99";"Все";"0"
"9428821";"ru";"9732.29";"99";"Все";"0"
"9428831";"ru";"9732.29";"99";"Все";"0"
"9428841";"ru";"9732.29";"99";"Все";"0"
"9421595";"ru";"383.23";"99";"Все";"0"
"9421605";"ru";"362.85";"99";"Все";"0"
"9421615";"ru";"383.23";"99";"Все";"0"
"9421625";"ru";"383.23";"99";"Все";"0"
"9421635";"ru";"380.32";"99";"Все";"0"
"9421708";"ru";"299.79";"99";"Все";"0"
"9421718";"ru";"299.79";"99";"Все";"0"
"9421728";"ru";"299.79";"99";"Все";"0"
"9995222";"ru";"73.74";"99";"Все";"0"
"9995213";"ru";"73.74";"99";"Все";"0"
"9921310";"ru";"650.03";"99";"Все";"0"
"9921329";"ru";"650.03";"99";"Все";"0"
"9921356";"ru";"650.03";"99";"Все";"0"
"9421892";"ru";"354.12";"99";"Все";"0"
"9421902";"ru";"354.12";"99";"Все";"0"
"9421912";"ru";"354.12";"99";"Все";"0"
"9421922";"ru";"361.88";"99";"Все";"0"
"9421932";"ru";"362.85";"99";"Все";"0"
"9421953";"ru";"325.99";"99";"Все";"0"
"9421963";"ru";"457.93";"99";"Все";"0"
"9421973";"ru";"457.93";"99";"Все";"0"
"9421983";"ru";"457.93";"99";"Все";"0"
"9421993";"ru";"457.93";"99";"Все";"0"
"9422001";"ru";"488.98";"99";"Все";"0"
"9422011";"ru";"488.98";"99";"Все";"0"
"9422021";"ru";"488.98";"99";"Все";"0"
"9422031";"ru";"488.98";"99";"Все";"0"
"9422041";"ru";"488.98";"99";"Все";"0"
"9421641";"ru";"301.73";"99";"Все";"0"
"9421651";"ru";"301.73";"99";"Все";"0"
"9421661";"ru";"301.73";"99";"Все";"0"
"9421671";"ru";"301.73";"99";"Все";"0"
"9421681";"ru";"301.73";"99";"Все";"0"
"9427261";"ru";"337.63";"99";"Все";"0"
"9427281";"ru";"337.63";"99";"Все";"0"
"9427291";"ru";"363.83";"99";"Все";"0"
"9427704";"ru";"855.72";"99";"Все";"0"
"9427714";"ru";"855.72";"99";"Все";"0"
"9427724";"ru";"855.72";"99";"Все";"0"
"9422161";"ru";"410.39";"99";"Все";"0"
"9422171";"ru";"410.39";"99";"Все";"0"
"9422181";"ru";"410.39";"99";"Все";"0"
"9422111";"ru";"1290.46";"99";"Все";"0"
"9422121";"ru";"1290.46";"99";"Все";"0"
"9422131";"ru";"1290.46";"99";"Все";"0"
"9422051";"ru";"820.79";"99";"Все";"0"
"9422061";"ru";"820.79";"99";"Все";"0"
"9422071";"ru";"820.79";"99";"Все";"0"
"9422081";"ru";"820.79";"99";"Все";"0"
"9422091";"ru";"820.79";"99";"Все";"0"
"9921663";"ru";"8183.64";"99";"Все";"0"
"9921722";"ru";"5046.01";"99";"Все";"0"
"9921732";"ru";"4805.40";"99";"Все";"0"
"9921820";"ru";"5992.93";"99";"Все";"0"
"9921831";"ru";"6518.77";"99";"Все";"0"
"9921843";"ru";"6783.64";"99";"Все";"0"
"9921921";"ru";"7540.39";"99";"Все";"0"
"9921931";"ru";"7917.80";"99";"Все";"0"
"9921940";"ru";"8238.94";"99";"Все";"0"
"9921445";"ru";"4636.59";"99";"Все";"0"
"9921455";"ru";"4024.39";"99";"Все";"0"
"9921465";"ru";"4290.22";"99";"Все";"0"
"9921475";"ru";"4455.16";"99";"Все";"0"
"9921555";"ru";"5036.31";"99";"Все";"0"
"9921565";"ru";"5416.63";"99";"Все";"0"
"9921575";"ru";"5669.85";"99";"Все";"0"
"9925164";"ru";"114.66";"99";"Все";"0"
"9925174";"ru";"114.66";"99";"Все";"0"
"9925194";"ru";"114.66";"99";"Все";"0"
"9925204";"ru";"114.66";"99";"Все";"0"
"9925224";"ru";"146.50";"99";"Все";"0"
"6047052";"ru";"2624.39";"99";"Все";"0"
"9921381";"ru";"387.11";"99";"Все";"0"
"9921421";"ru";"452.11";"99";"Все";"0"
"9921431";"ru";"358.97";"99";"Все";"0"
"9925301";"ru";"386.14";"99";"Все";"0"
"9925371";"ru";"276.51";"99";"Все";"0"
"9925281";"ru";"749.96";"99";"Все";"0"
"9925941";"ru";"2628.27";"99";"Все";"0"
"9925311";"ru";"211.50";"99";"Все";"0"
"9925321";"ru";"207.62";"99";"Все";"0"
"9925331";"ru";"295.91";"99";"Все";"0"
"9925242";"ru";"1916.15";"99";"Все";"0"
"9924601";"ru";"1680.39";"99";"Все";"0"
"9924611";"ru";"1740.54";"99";"Все";"0"
"9924621";"ru";"1403.88";"99";"Все";"0"
"9924631";"ru";"1219.54";"99";"Все";"0"
"9924641";"ru";"1306.86";"99";"Все";"0"
"9924651";"ru";"410.39";"99";"Все";"0"
"9924661";"ru";"410.39";"99";"Все";"0"
"9924671";"ru";"1147.75";"99";"Все";"0"
"9924681";"ru";"936.24";"99";"Все";"0"
"9924691";"ru";"2290.64";"99";"Все";"0"
"9924771";"ru";"2046.15";"99";"Все";"0"
"9924711";"ru";"378.38";"99";"Все";"0"
"2571352";"ru";"6753.89";"99";"Все";"0"
"2571506";"ru";"7913.34";"99";"Все";"0"
"2571592";"ru";"12520.93";"99";"Все";"0"
"2571606";"ru";"7996.23";"99";"Все";"0"
"2571623";"ru";"13246.44";"99";"Все";"0"
"2571653";"ru";"8285.85";"99";"Все";"0"
"2571662";"ru";"6634.92";"99";"Все";"0"
"2571151";"ru";"2863.04";"99";"Все";"0"
"2571202";"ru";"7475.50";"99";"Все";"0"
"2571213";"ru";"7576.92";"99";"Все";"0"
"2571552";"ru";"5543.73";"99";"Все";"0"
"2571562";"ru";"9982.61";"99";"Все";"0"
"2573183";"ru";"9310.73";"99";"Все";"0"
"2571258";"ru";"6357.98";"99";"Все";"0"
"2571263";"ru";"6908.94";"99";"Все";"0"
"2571339";"ru";"10893.40";"99";"Все";"0"
"2571283";"ru";"9506.74";"99";"Все";"0"
"2571809";"ru";"9656.91";"99";"Все";"0"
"2571323";"ru";"7845.08";"99";"Все";"0"
"2571402";"ru";"6906.01";"99";"Все";"0"
"2571413";"ru";"7449.17";"99";"Все";"0"
"2571427";"ru";"7421.87";"99";"Все";"0"
"2571455";"ru";"6609.57";"99";"Все";"0"
"2571464";"ru";"6538.38";"99";"Все";"0"
"2571703";"ru";"10235.17";"99";"Все";"0"
"2571758";"ru";"7428.69";"99";"Все";"0"
"2571936";"ru";"22996.96";"99";"Все";"0"
"2571294";"ru";"9069.87";"99";"Все";"0"
"2572102";"ru";"10714.95";"99";"Все";"0"
"2572338";"ru";"10180.57";"99";"Все";"0"
"9387231";"ru";"2755.77";"99";"Все";"0"
"2776023";"ru";"8190.28";"99";"Все";"0"
"9387062";"ru";"4389.15";"99";"Все";"0"
"9387001";"ru";"6946.97";"99";"Все";"0"
"9387051";"ru";"12169.87";"99";"Все";"0"
"9387111";"ru";"5199.50";"99";"Все";"0"
"9387201";"ru";"6111.27";"99";"Все";"0"
"9387212";"ru";"4331.62";"99";"Все";"0"
"9387251";"ru";"1999.06";"99";"Все";"0"
"9387261";"ru";"5341.87";"99";"Все";"0"
"9387271";"ru";"2070.24";"99";"Все";"0"
"9387281";"ru";"4050.77";"99";"Все";"0"
"9387291";"ru";"5948.42";"99";"Все";"0"
"9389031";"ru";"6104.44";"99";"Все";"0"
"9389041";"ru";"4528.60";"99";"Все";"0"
"9389121";"ru";"2181.41";"99";"Все";"0"
"9389131";"ru";"2389.12";"99";"Все";"0"
"9387011";"ru";"3919.13";"99";"Все";"0"
"9387021";"ru";"5065.90";"99";"Все";"0"
"9387041";"ru";"4890.38";"99";"Все";"0"
"9387071";"ru";"4413.53";"99";"Все";"0"
"9387081";"ru";"4853.32";"99";"Все";"0"
"9387091";"ru";"6828.98";"99";"Все";"0"
"9387101";"ru";"7254.14";"99";"Все";"0"
"9387131";"ru";"5949.39";"99";"Все";"0"
"9387141";"ru";"5625.64";"99";"Все";"0"
"9387151";"ru";"4662.19";"99";"Все";"0"
"9387161";"ru";"4523.72";"99";"Все";"0"
"9387171";"ru";"4560.78";"99";"Все";"0"
"9387181";"ru";"4773.36";"99";"Все";"0"
"9387191";"ru";"4709.00";"99";"Все";"0"
"9389021";"ru";"4022.49";"99";"Все";"0"
"9389051";"ru";"4376.47";"99";"Все";"0"
"9389061";"ru";"4235.08";"99";"Все";"0"
"2523088";"ru";"1835.23";"99";"Все";"0"
"2533481";"ru";"8836.81";"99";"Все";"0"
"2543323";"ru";"8685.66";"99";"Все";"0"
"2543403";"ru";"8041.09";"99";"Все";"0"
"2544323";"ru";"7099.09";"99";"Все";"0"
"2544402";"ru";"7961.12";"99";"Все";"0"
"2545323";"ru";"9728.10";"99";"Все";"0"
"2562245";"ru";"8058.64";"99";"Все";"0"
"2563356";"ru";"7686.13";"99";"Все";"0"
"2502207";"ru";"2999.56";"99";"Все";"0"
"2502243";"ru";"2455.43";"99";"Все";"0"
"2580951";"ru";"5901.61";"99";"Все";"0"
"2580961";"ru";"6931.37";"99";"Все";"0"
"2582254";"ru";"2773.33";"99";"Все";"0"
"2582663";"ru";"15478.56";"99";"Все";"0"
"2582806";"ru";"9742.72";"99";"Все";"0"
"2583004";"ru";"2469.08";"99";"Все";"0"
"2583226";"ru";"1839.13";"99";"Все";"0"
"2583235";"ru";"2393.99";"99";"Все";"0"
"2583307";"ru";"2886.44";"99";"Все";"0"
"2583481";"ru";"3255.05";"99";"Все";"0"
"2589812";"ru";"2541.24";"99";"Все";"0"
"2512204";"ru";"2646.56";"99";"Все";"0"
"2512231";"ru";"2623.15";"99";"Все";"0"
"2512259";"ru";"2381.32";"99";"Все";"0"
"2513026";"ru";"2321.83";"99";"Все";"0"
"2513052";"ru";"1905.44";"99";"Все";"0"
"2513123";"ru";"1708.46";"99";"Все";"0"
"2522231";"ru";"2514.91";"99";"Все";"0"
"2522252";"ru";"2764.55";"99";"Все";"0"
"2523025";"ru";"2394.97";"99";"Все";"0"
"2523105";"ru";"1588.52";"99";"Все";"0"
"2523123";"ru";"1828.41";"99";"Все";"0"
"2523506";"ru";"1548.54";"99";"Все";"0"
"2533076";"ru";"1961.03";"99";"Все";"0"
"2533129";"ru";"1742.59";"99";"Все";"0"
"2543075";"ru";"2548.07";"99";"Все";"0"
"2542217";"ru";"2773.33";"99";"Все";"0"
"2775001";"ru";"1175.06";"99";"Все";"0"
"2775021";"ru";"1055.11";"99";"Все";"0"
"2775061";"ru";"1169.20";"99";"Все";"0"
"2775481";"ru";"2345.24";"99";"Все";"0"
"2775031";"ru";"1316.45";"99";"Все";"0"
"2775111";"ru";"1182.86";"99";"Все";"0"
"2775432";"ru";"2384.24";"99";"Все";"0"
"2775101";"ru";"1640.20";"99";"Все";"0"
"2695832";"ru";"3723.30";"99";"Все";"0"
"2581281";"ru";"4943.04";"99";"Все";"0"
"4019253";"ru";"386.14";"99";"Все";"0"
"4019360";"ru";"616.08";"99";"Все";"0"
"4019379";"ru";"908.11";"99";"Все";"0"
"4019413";"ru";"208.59";"99";"Все";"0"
"4019431";"ru";"403.60";"99";"Все";"0"
"4019459";"ru";"646.15";"99";"Все";"0"
"4521330";"ru";"1435.90";"99";"Все";"0"
"4521350";"ru";"1930.70";"99";"Все";"0"
"4521371";"ru";"2599.17";"99";"Все";"0"
"4521430";"ru";"1135.13";"99";"Все";"0"
"4521650";"ru";"4143.72";"99";"Все";"0"
"4522330";"ru";"1539.71";"99";"Все";"0"
"4522350";"ru";"1969.51";"99";"Все";"0"
"4522430";"ru";"2471.10";"99";"Все";"0"
"4522450";"ru";"2264.45";"99";"Все";"0"
"4532416";"ru";"1393.21";"99";"Все";"0"
"4532436";"ru";"2113.10";"99";"Все";"0"
"4532486";"ru";"1543.59";"99";"Все";"0"
"4532636";"ru";"2679.69";"99";"Все";"0"
"4535416";"ru";"2098.54";"99";"Все";"0"
"4535436";"ru";"3789.60";"99";"Все";"0"
"4542666";"ru";"3038.67";"99";"Все";"0"
"4545436";"ru";"3712.96";"99";"Все";"0"
"4700206";"ru";"3002.77";"99";"Все";"0"
"7605416";"ru";"3123.07";"99";"Все";"0"
"7605434";"ru";"3523.77";"99";"Все";"0"
"7605631";"ru";"3943.86";"99";"Все";"0"
"7615662";"ru";"5555.37";"99";"Все";"0"
"4004933";"ru";"5365.21";"99";"Все";"0"
"4511030";"ru";"2313.93";"99";"Все";"0"
"4511040";"ru";"1197.23";"99";"Все";"0"
"4511050";"ru";"1127.37";"99";"Все";"0"
"4511060";"ru";"1466.94";"99";"Все";"0"
"4511090";"ru";"3626.61";"99";"Все";"0"
"4512040";"ru";"1584.34";"99";"Все";"0"
"4512060";"ru";"1646.43";"99";"Все";"0"
"4512090";"ru";"1703.67";"99";"Все";"0"
"4822923";"ru";"1212.75";"99";"Все";"0"
"4822934";"ru";"1566.87";"99";"Все";"0"
"4822943";"ru";"2449.76";"99";"Все";"0"
"4822953";"ru";"4563.82";"99";"Все";"0"
"4822993";"ru";"3275.40";"99";"Все";"0"
"4501000";"ru";"2419.68";"99";"Все";"0"
"4501010";"ru";"2367.29";"99";"Все";"0"
"4501030";"ru";"1607.62";"99";"Все";"0"
"4502000";"ru";"3579.07";"99";"Все";"0"
"4502010";"ru";"2228.55";"99";"Все";"0"
"4502030";"ru";"2320.72";"99";"Все";"0"
"4892903";"ru";"3646.01";"99";"Все";"0"
"4892912";"ru";"3953.57";"99";"Все";"0"
"4892933";"ru";"4230.07";"99";"Все";"0"
"1692481";"ru";"567.60";"1";"Все";"0"
"1694481";"ru";"727.10";"1";"Все";"0"
"1696481";"ru";"826.10";"1";"Все";"0"
"1698481";"ru";"950.40";"1";"Все";"0"
"1699481";"ru";"638.00";"1";"Все";"0"
"1694501";"ru";"811.80";"1";"Все";"0"
"1696501";"ru";"976.80";"1";"Все";"0"
"1698501";"ru";"1098.90";"1";"Все";"0"
"1699501";"ru";"755.70";"1";"Все";"0"
"1694981";"ru";"311.30";"1";"Все";"0"
"1690981";"ru";"344.30";"1";"Все";"0"
"1691981";"ru";"403.70";"1";"Все";"0"
"1696981";"ru";"341.00";"1";"Все";"0"
"1692981";"ru";"405.90";"1";"Все";"0"
"1693981";"ru";"469.70";"1";"Все";"0"
"1692731";"ru";"85.80";"1";"Все";"0"
"1693731";"ru";"93.50";"1";"Все";"0"
"1692751";"ru";"93.50";"1";"Все";"0"
"1693751";"ru";"105.60";"1";"Все";"0"
"9158320";"ru";"552.20";"1";"Все";"0"
"9158330";"ru";"682.00";"1";"Все";"0"
"9158340";"ru";"865.70";"1";"Все";"0"
"9158720";"ru";"635.80";"1";"Все";"0"
"9158730";"ru";"784.30";"1";"Все";"0"
"9158740";"ru";"884.40";"1";"Все";"0"
"9156200";"ru";"89.10";"1";"Все";"0"
"9156210";"ru";"102.30";"1";"Все";"0"
"9156220";"ru";"130.90";"1";"Все";"0"
"9156240";"ru";"94.60";"1";"Все";"0"
"9156250";"ru";"117.70";"1";"Все";"0"
"1680191";"ru";"526.90";"1";"Все";"0"
"1682191";"ru";"579.70";"1";"Все";"0"
"1683191";"ru";"724.90";"1";"Все";"0"
"1687191";"ru";"772.20";"1";"Все";"0"
"1689191";"ru";"822.80";"1";"Все";"0"
"168 661 3";"ru";"525.80";"1";"Все";"0"
"168 662 3";"ru";"532.40";"1";"Все";"0"
"168 530 0";"ru";"198.00";"1";"Все";"0"
"168 540 0";"ru";"217.80";"1";"Все";"0"
"168 398 0";"ru";"233.64";"1";"Все";"0"
"168 570 0";"ru";"346.50";"1";"Все";"0"
"1681310";"ru";"105.60";"1";"Все";"0"
"168 132 9";"ru";"78.10";"1";"Все";"0"
"168 624 9";"ru";"84.70";"1";"Все";"0"
"168 634 0";"ru";"111.10";"1";"Все";"0"
"168 644 0";"ru";"130.90";"1";"Все";"0"
"168 399 0";"ru";"140.42";"1";"Все";"0"
"168 654 0";"ru";"185.90";"1";"Все";"0"
"168 432 9";"ru";"29.07";"1";"Все";"0"
"168 430 9";"ru";"33.00";"1";"Все";"0"
"168 431 9";"ru";"36.30";"1";"Все";"0"
"168 600 7";"ru";"162.80";"1";"Все";"0"
"168 705 7";"ru";"199.10";"1";"Все";"0"
"168 502 7";"ru";"46.20";"1";"Все";"0"
"168 136 9";"ru";"126.50";"1";"Все";"0"
"168 137 9";"ru";"138.60";"1";"Все";"0"
"9477830";"ru";"40.70";"1";"Все";"0"
"9477840";"ru";"49.50";"1";"Все";"0"
"9477850";"ru";"53.90";"1";"Все";"0"
"9477125";"ru";"880.00";"1";"Все";"0"
"9477135";"ru";"929.50";"1";"Все";"0"
"9477145";"ru";"980.10";"1";"Все";"0"
"9477302";"ru";"1566.40";"1";"Все";"0"
"8094000";"ru";"59.40";"1";"Все";"0"
"8094010";"ru";"61.60";"1";"Все";"0"
"8094020";"ru";"63.80";"1";"Все";"0"
"9477902";"ru";"951.50";"1";"Все";"0"
"9477912";"ru";"969.10";"1";"Все";"0"
"9477922";"ru";"1036.20";"1";"Все";"0"
"9477932";"ru";"1094.50";"1";"Все";"0"
"9477942";"ru";"1135.20";"1";"Все";"0"
"9477952";"ru";"206.80";"1";"Все";"0"
"9477962";"ru";"215.60";"1";"Все";"0"
"9477972";"ru";"222.20";"1";"Все";"0"
"9477982";"ru";"229.90";"1";"Все";"0"
"9477992";"ru";"237.60";"1";"Все";"0"
"1598230";"ru";"138.06";"1";"Все";"0"
"1598200";"ru";"78.10";"1";"Все";"0"
"1598210";"ru";"106.70";"1";"Все";"0"
"1598220";"ru";"171.60";"1";"Все";"0"
"1598240";"ru";"1983.30";"1";"Все";"0"
"1598250";"ru";"2119.70";"1";"Все";"0"
"1599307";"ru";"2602.60";"1";"Все";"0"
"1599367";"ru";"1268.30";"1";"Все";"0"
"1599266";"ru";"1738.00";"1";"Все";"0"
"1599337";"ru";"2098.80";"1";"Все";"0"
"9950381";"ru";"159.30";"1";"Все";"0"
"9950291";"ru";"240.72";"1";"Все";"0"
"9950270";"ru";"218.30";"1";"Все";"0"
"9950400";"ru";"162.84";"1";"Все";"0"
"9950300";"ru";"201.78";"1";"Все";"0"
"9950280";"ru";"313.88";"1";"Все";"0"
"9950350";"ru";"211.22";"1";"Все";"0"
"9950260";"ru";"359.90";"1";"Все";"0"
"9950360";"ru";"298.54";"1";"Все";"0"
"9950370";"ru";"453.12";"1";"Все";"0"
"9950310";"ru";"256.06";"1";"Все";"0"
"9950320";"ru";"304.44";"1";"Все";"0"
"9950410";"ru";"200.60";"1";"Все";"0"
"9950330";"ru";"195.88";"1";"Все";"0"
"9950340";"ru";"561.68";"1";"Все";"0"
"9922450";"ru";"238.36";"1";"Все";"0"
"9922424";"ru";"227.74";"1";"Все";"0"
"9922694";"ru";"81.42";"1";"Все";"0"
"9922430";"ru";"277.30";"1";"Все";"0"
"9922512";"ru";"496.78";"1";"Все";"0"
"9968583";"ru";"2719.90";"1";"Все";"0"
"9922340";"ru";"189.98";"1";"Все";"0"
"9923391";"ru";"135.70";"1";"Все";"0"
"9923410";"ru";"109.74";"1";"Все";"0"
"9922532";"ru";"877.92";"1";"Все";"0"
"9922520";"ru";"730.42";"1";"Все";"0"
"9922720";"ru";"735.14";"1";"Все";"0"
"9923400";"ru";"198.24";"1";"Все";"0"
"9922260";"ru";"1091.50";"1";"Все";"0"
"9922270";"ru";"3060.92";"1";"Все";"0"
"9922280";"ru";"3266.24";"1";"Все";"0"
"9922210";"ru";"816.56";"1";"Все";"0"
"9922290";"ru";"3518.76";"1";"Все";"0"
"9922380";"ru";"3817.30";"1";"Все";"0"
"9922390";"ru";"4449.78";"1";"Все";"0"
"9922580";"ru";"3359.46";"1";"Все";"0"
"9922590";"ru";"3929.40";"1";"Все";"0"
"9923320";"ru";"554.60";"1";"Все";"0"
"9923330";"ru";"988.84";"1";"Все";"0"
"9923350";"ru";"232.46";"1";"Все";"0"
"9923300";"ru";"677.32";"1";"Все";"0"
"9923361";"ru";"366.98";"1";"Все";"0"
"9923371";"ru";"477.90";"1";"Все";"0"
"716 413 0";"ru";"214.50";"1";"Все";"0"
"455 255 0";"ru";"1487.20";"1";"Все";"0"
"9689002";"ru";"159.50";"1";"Все";"0"
"9995811";"ru";"619.30";"1";"Все";"0"
"9679369";"ru";"92.40";"1";"Все";"0"
"9679398";"ru";"154.00";"1";"Все";"0"
"9995861";"ru";"772.90";"1";"Все";"0"
"9995871";"ru";"1620.14";"1";"Все";"0"
"1692481";"ru";"510.84";"99";"Все";"0"
"1694481";"ru";"654.39";"99";"Все";"0"
"1696481";"ru";"743.49";"99";"Все";"0"
"1698481";"ru";"855.36";"99";"Все";"0"
"1699481";"ru";"574.20";"99";"Все";"0"
"1694501";"ru";"730.62";"99";"Все";"0"
"1696501";"ru";"879.12";"99";"Все";"0"
"1698501";"ru";"989.01";"99";"Все";"0"
"1699501";"ru";"680.13";"99";"Все";"0"
"1694981";"ru";"280.17";"99";"Все";"0"
"1690981";"ru";"309.87";"99";"Все";"0"
"1691981";"ru";"363.33";"99";"Все";"0"
"1696981";"ru";"306.90";"99";"Все";"0"
"1692981";"ru";"365.31";"99";"Все";"0"
"1693981";"ru";"422.73";"99";"Все";"0"
"1692731";"ru";"77.22";"99";"Все";"0"
"1693731";"ru";"84.15";"99";"Все";"0"
"1692751";"ru";"84.15";"99";"Все";"0"
"1693751";"ru";"95.04";"99";"Все";"0"
"9158320";"ru";"496.98";"99";"Все";"0"
"9158330";"ru";"613.80";"99";"Все";"0"
"9158340";"ru";"779.13";"99";"Все";"0"
"9158720";"ru";"572.22";"99";"Все";"0"
"9158730";"ru";"705.87";"99";"Все";"0"
"9158740";"ru";"795.96";"99";"Все";"0"
"9156200";"ru";"80.19";"99";"Все";"0"
"9156210";"ru";"92.07";"99";"Все";"0"
"9156220";"ru";"117.81";"99";"Все";"0"
"9156240";"ru";"85.14";"99";"Все";"0"
"9156250";"ru";"105.93";"99";"Все";"0"
"1680191";"ru";"474.21";"99";"Все";"0"
"1682191";"ru";"521.73";"99";"Все";"0"
"1683191";"ru";"652.41";"99";"Все";"0"
"1687191";"ru";"694.98";"99";"Все";"0"
"1689191";"ru";"740.52";"99";"Все";"0"
"168 661 3";"ru";"473.22";"99";"Все";"0"
"168 662 3";"ru";"479.16";"99";"Все";"0"
"168 530 0";"ru";"178.20";"99";"Все";"0"
"168 540 0";"ru";"196.02";"99";"Все";"0"
"168 398 0";"ru";"210.28";"99";"Все";"0"
"168 570 0";"ru";"311.85";"99";"Все";"0"
"1681310";"ru";"95.04";"99";"Все";"0"
"168 132 9";"ru";"70.29";"99";"Все";"0"
"168 624 9";"ru";"76.23";"99";"Все";"0"
"168 634 0";"ru";"99.99";"99";"Все";"0"
"168 644 0";"ru";"117.81";"99";"Все";"0"
"168 399 0";"ru";"126.38";"99";"Все";"0"
"168 654 0";"ru";"167.31";"99";"Все";"0"
"168 432 9";"ru";"26.73";"99";"Все";"0"
"168 430 9";"ru";"29.07";"99";"Все";"0"
"168 431 9";"ru";"32.67";"99";"Все";"0"
"168 600 7";"ru";"146.52";"99";"Все";"0"
"168 705 7";"ru";"179.19";"99";"Все";"0"
"168 502 7";"ru";"41.58";"99";"Все";"0"
"168 136 9";"ru";"113.85";"99";"Все";"0"
"168 137 9";"ru";"124.74";"99";"Все";"0"
"9477830";"ru";"36.63";"99";"Все";"0"
"9477840";"ru";"44.55";"99";"Все";"0"
"9477850";"ru";"48.51";"99";"Все";"0"
"9477125";"ru";"792.00";"99";"Все";"0"
"9477135";"ru";"836.55";"99";"Все";"0"
"9477145";"ru";"882.09";"99";"Все";"0"
"9477302";"ru";"1409.76";"99";"Все";"0"
"8094000";"ru";"53.46";"99";"Все";"0"
"8094010";"ru";"55.44";"99";"Все";"0"
"8094020";"ru";"57.42";"99";"Все";"0"
"9477902";"ru";"856.35";"99";"Все";"0"
"9477912";"ru";"872.19";"99";"Все";"0"
"9477922";"ru";"932.58";"99";"Все";"0"
"9477932";"ru";"985.05";"99";"Все";"0"
"9477942";"ru";"1021.68";"99";"Все";"0"
"9477952";"ru";"186.12";"99";"Все";"0"
"9477962";"ru";"194.04";"99";"Все";"0"
"9477972";"ru";"199.98";"99";"Все";"0"
"9477982";"ru";"206.91";"99";"Все";"0"
"9477992";"ru";"213.84";"99";"Все";"0"
"1598230";"ru";"124.25";"99";"Все";"0"
"1598200";"ru";"70.29";"99";"Все";"0"
"1598210";"ru";"96.03";"99";"Все";"0"
"1598220";"ru";"154.44";"99";"Все";"0"
"1598240";"ru";"1784.97";"99";"Все";"0"
"1598250";"ru";"1907.73";"99";"Все";"0"
"1599307";"ru";"2342.34";"99";"Все";"0"
"1599367";"ru";"1141.47";"99";"Все";"0"
"1599266";"ru";"1564.20";"99";"Все";"0"
"1599337";"ru";"1888.92";"99";"Все";"0"
"9950381";"ru";"143.37";"99";"Все";"0"
"9950291";"ru";"216.65";"99";"Все";"0"
"9950270";"ru";"196.47";"99";"Все";"0"
"9950400";"ru";"146.56";"99";"Все";"0"
"9950300";"ru";"181.60";"99";"Все";"0"
"9950280";"ru";"282.49";"99";"Все";"0"
"9950350";"ru";"190.10";"99";"Все";"0"
"9950260";"ru";"323.91";"99";"Все";"0"
"9950360";"ru";"268.69";"99";"Все";"0"
"9950370";"ru";"407.81";"99";"Все";"0"
"9950310";"ru";"230.45";"99";"Все";"0"
"9950320";"ru";"274.00";"99";"Все";"0"
"9950410";"ru";"180.54";"99";"Все";"0"
"9950330";"ru";"176.29";"99";"Все";"0"
"9950340";"ru";"505.51";"99";"Все";"0"
"9922450";"ru";"214.52";"99";"Все";"0"
"9922424";"ru";"204.97";"99";"Все";"0"
"9922694";"ru";"73.28";"99";"Все";"0"
"9922430";"ru";"249.57";"99";"Все";"0"
"9922512";"ru";"447.10";"99";"Все";"0"
"9968583";"ru";"2447.91";"99";"Все";"0"
"9922340";"ru";"170.98";"99";"Все";"0"
"9923391";"ru";"122.13";"99";"Все";"0"
"9923410";"ru";"98.77";"99";"Все";"0"
"9922532";"ru";"790.13";"99";"Все";"0"
"9922520";"ru";"657.38";"99";"Все";"0"
"9922720";"ru";"661.63";"99";"Все";"0"
"9923400";"ru";"178.42";"99";"Все";"0"
"9922260";"ru";"982.35";"99";"Все";"0"
"9922270";"ru";"2754.83";"99";"Все";"0"
"9922280";"ru";"2939.62";"99";"Все";"0"
"9922210";"ru";"734.90";"99";"Все";"0"
"9922290";"ru";"3166.88";"99";"Все";"0"
"9922380";"ru";"3435.57";"99";"Все";"0"
"9922390";"ru";"4004.80";"99";"Все";"0"
"9922580";"ru";"3023.51";"99";"Все";"0"
"9922590";"ru";"3536.46";"99";"Все";"0"
"9923320";"ru";"499.14";"99";"Все";"0"
"9923330";"ru";"889.96";"99";"Все";"0"
"9923350";"ru";"209.21";"99";"Все";"0"
"9923300";"ru";"609.59";"99";"Все";"0"
"9923361";"ru";"330.28";"99";"Все";"0"
"9923371";"ru";"430.11";"99";"Все";"0"
"716 413 0";"ru";"193.05";"99";"Все";"0"
"455 255 0";"ru";"1338.48";"99";"Все";"0"
"9689002";"ru";"143.55";"99";"Все";"0"
"9995811";"ru";"557.37";"99";"Все";"0"
"9679369";"ru";"83.16";"99";"Все";"0"
"9679398";"ru";"138.60";"99";"Все";"0"
"9995861";"ru";"695.61";"99";"Все";"0"
"9995871";"ru";"1458.13";"99";"Все";"0"
"187 672 5";"ru";"72.00";"1";"Все";"0"
"918 514 3";"ru";"63.72";"1";"Все";"0"
"918 515 5";"ru";"34.22";"1";"Все";"0"
"181 067 0";"ru";"12.00";"1";"Все";"0"
"918 987 1";"ru";"6.00";"1";"Все";"0"
"918 988 1";"ru";"6.00";"1";"Все";"0"
"918 984 1";"ru";"36.00";"1";"Все";"0"
"918 553 1";"ru";"75.52";"1";"Все";"0"
"918 554 0";"ru";"74.34";"1";"Все";"0"
"187 324 6";"ru";"48.00";"1";"Все";"0"
"187 401 8";"ru";"24.00";"1";"Все";"0"
"110 232 2";"ru";"100.00";"1";"Все";"0"
"110 233 2";"ru";"48.00";"1";"Все";"0"
"722 634 0";"ru";"32.00";"1";"Все";"0"
"722 635 0";"ru";"32.00";"1";"Все";"0"
"722 636 0";"ru";"32.00";"1";"Все";"0"
"722 732 0";"ru";"12.00";"1";"Все";"0"
"722 731 1";"ru";"12.00";"1";"Все";"0"
"713 112 5";"ru";"24.00";"1";"Все";"0"
"713 110 5";"ru";"24.00";"1";"Все";"0"
"713 109 6";"ru";"24.00";"1";"Все";"0"
"709 108 2";"ru";"120.00";"1";"Все";"0"
"709 116 3";"ru";"30.00";"1";"Все";"0"
"709 208 2";"ru";"140.00";"1";"Все";"0"
"709 216 4";"ru";"30.00";"1";"Все";"0"
"709 308 2";"ru";"120.00";"1";"Все";"0"
"709 316 4";"ru";"30.00";"1";"Все";"0"
"710 510 5";"ru";"36.00";"1";"Все";"0"
"535 103 1";"ru";"47.30";"1";"Все";"0"
"535 123 1";"ru";"51.70";"1";"Все";"0"
"535 133 1";"ru";"52.80";"1";"Все";"0"
"535 863 1";"ru";"46.20";"1";"Все";"0"
"535 843 1";"ru";"19.80";"1";"Все";"0"
"535 203 1";"ru";"55.00";"1";"Все";"0"
"535 223 1";"ru";"60.50";"1";"Все";"0"
"535 823 1";"ru";"53.90";"1";"Все";"0"
"535 813 1";"ru";"20.90";"1";"Все";"0"
"535 873 1";"ru";"58.30";"1";"Все";"0"
"535 303 1";"ru";"48.40";"1";"Все";"0"
"535 323 1";"ru";"51.70";"1";"Все";"0"
"535 383 1";"ru";"40.70";"1";"Все";"0"
"535 403 1";"ru";"53.90";"1";"Все";"0"
"535 423 1";"ru";"56.10";"1";"Все";"0"
"535 523 2";"ru";"82.50";"1";"Все";"0"
"535 603 1";"ru";"56.10";"1";"Все";"0"
"535 623 1";"ru";"56.10";"1";"Все";"0"
"535 613 0";"ru";"105.60";"1";"Все";"0"
"530 296 2";"ru";"492.80";"1";"Все";"0"
"530 295 2";"ru";"407.00";"1";"Все";"0"
"536 003 1";"ru";"68.20";"1";"Все";"0"
"536 013 1";"ru";"103.40";"1";"Все";"0"
"536 043 3";"ru";"146.30";"1";"Все";"0"
"536 033 1";"ru";"68.20";"1";"Все";"0"
"536 023 3";"ru";"150.70";"1";"Все";"0"
"536 053 1";"ru";"123.20";"1";"Все";"0"
"536 083 1";"ru";"223.30";"1";"Все";"0"
"536 057 1";"ru";"126.50";"1";"Все";"0"
"536 058 1";"ru";"182.60";"1";"Все";"0"
"597 780 0";"ru";"94.40";"1";"Все";"0"
"535 243 1";"ru";"122.10";"1";"Все";"0"
"532 000 4";"ru";"200.00";"1";"Все";"0"
"532 001 2";"ru";"200.00";"1";"Все";"0"
"532 002 2";"ru";"200.00";"1";"Все";"0"
"532 003 1";"ru";"200.00";"1";"Все";"0"
"609 120 0";"ru";"800.00";"1";"Все";"0"
"737 406 9";"ru";"187.00";"1";"Все";"0"
"978 160 5";"ru";"1687.40";"1";"Все";"0"
"978 161 5";"ru";"2138.16";"1";"Все";"0"
"978 162 5";"ru";"3831.46";"1";"Все";"0"
"978 149 1";"ru";"4517.04";"1";"Все";"0"
"978 150 1";"ru";"4950.10";"1";"Все";"0"
"900 115 1";"ru";"1913.00";"1";"Все";"0"
"900 196 0";"ru";"2344.00";"1";"Все";"0"
"900 174 2";"ru";"2344.00";"1";"Все";"0"
"900 199 0";"ru";"2605.00";"1";"Все";"0"
"900 184 2";"ru";"2605.00";"1";"Все";"0"
"900 224 0";"ru";"3050.00";"1";"Все";"0"
"900 234 0";"ru";"3250.00";"1";"Все";"0"
"900 178 3";"ru";"970.00";"1";"Все";"0"
"900 152 1";"ru";"408.28";"1";"Все";"0"
"900 219 1";"ru";"678.50";"1";"Все";"0"
"900 218 1";"ru";"501.50";"1";"Все";"0"
"900 217 1";"ru";"451.94";"1";"Все";"0"
"900 241 0 ";"ru";"398.84";"1";"Все";"0"
"900 242 0";"ru";"501.50";"1";"Все";"0"
"900 243 0";"ru";"678.50";"1";"Все";"0"
"900 244 0";"ru";"451.94";"1";"Все";"0"
"900 155 2";"ru";"474.36";"1";"Все";"0"
"900 154 2";"ru";"460.20";"1";"Все";"0"
"900 166 2";"ru";"397.66";"1";"Все";"0"
"900 179 1";"ru";"416.54";"1";"Все";"0"
"900 190 1";"ru";"333.94";"1";"Все";"0"
"925 027 2";"ru";"260.00";"1";"Все";"0"
"925 039 1";"ru";"117.00";"1";"Все";"0"
"809 039 1";"ru";"126.00";"1";"Все";"0"
"925 054 1";"ru";"311.00";"1";"Все";"0"
"925 060 1";"ru";"36.00";"1";"Все";"0"
"925 084 0";"ru";"4.00";"1";"Все";"0"
"925 037 1";"ru";"10.00";"1";"Все";"0"
"1872796";"ru";"51.92";"1";"Все";"0"
"4911916";"ru";"101.48";"1";"Все";"0"
"9162920";"ru";"103.84";"1";"Все";"0"
"9185611";"ru";"139.24";"1";"Все";"0"
"1619607";"ru";"195.88";"1";"Все";"0"
"Category1";"ru";"0.00";"1";"Все";"0"
"Category4";"ru";"0.00";"1";"Все";"0"
"Category8";"ru";"0.00";"1";"Все";"0"
"Category19";"ru";"0.00";"1";"Все";"0"
"Category14";"ru";"277.00";"1";"Все";"0"
"Category13";"ru";"25160.00";"1";"Все";"0"
"Category21";"ru";"0.00";"1";"Все";"0"
"Category33";"ru";"0.00";"1";"Все";"0"
"Category35";"ru";"0.00";"1";"Все";"0"
"Category41";"ru";"0.00";"1";"Все";"0"
"Category11";"ru";"0.00";"1";"Все";"0"
"Category12";"ru";"0.00";"1";"Все";"0"
"Category13";"ru";"0.00";"1";"Все";"0"
"Category14";"ru";"0.00";"1";"Все";"0"
"Category12";"ru";"0.00";"1";"Все";"0"
"Category11";"ru";"0.00";"1";"Все";"0"
"Category18";"ru";"0.00";"1";"Все";"0"
"Category2";"ru";"0.00";"1";"Все";"0"
"Category3";"ru";"0.00";"1";"Все";"0"
"Category5";"ru";"0.00";"1";"Все";"0"
"Category7";"ru";"0.00";"1";"Все";"0"
"Category6";"ru";"0.00";"1";"Все";"0"
"Category9";"ru";"0.00";"1";"Все";"0"
"Category10";"ru";"45800.00";"1";"Все";"0"
"Category15";"ru";"7320.00";"1";"Все";"0"
"Category16";"ru";"115130.00";"1";"Все";"0"
"Category17";"ru";"134750.00";"1";"Все";"0"
"Category20";"ru";"0.00";"1";"Все";"0"
"Category22";"ru";"0.00";"1";"Все";"0"
"Category23";"ru";"0.00";"1";"Все";"0"
"Category23";"ru";"0.00";"1";"Все";"0"
"Category24";"ru";"0.00";"1";"Все";"0"
"Category26";"ru";"0.00";"1";"Все";"0"
"Category25";"ru";"0.00";"1";"Все";"0"
"Category27";"ru";"0.00";"1";"Все";"0"
"Category28";"ru";"0.00";"1";"Все";"0"
"Category29";"ru";"0.00";"1";"Все";"0"
"Category30";"ru";"0.00";"1";"Все";"0"
"Category31";"ru";"0.00";"1";"Все";"0"
"Category32";"ru";"0.00";"1";"Все";"0"
"Category34";"ru";"0.00";"1";"Все";"0"
"Category36";"ru";"0.00";"1";"Все";"0"
"Category37";"ru";"0.00";"1";"Все";"0"
"Category38";"ru";"0.00";"1";"Все";"0"
"Category39";"ru";"0.00";"1";"Все";"0"
"Category40";"ru";"0.00";"1";"Все";"0"
"Category42";"ru";"0.00";"1";"Все";"0"
